Original Part,Quantity,Preview,Subtotal,Stock,Supplier Order Quantity,Order List,Supplier Name,Supplier Part Number,Order List (Supplier Link),Unit Price
N5741A,1,https://sigma.octopart.com/21354081/image/Keysight-Technologies-N5741A.jpg,,,,,,,,
N2856A,1,https://sigma.octopart.com/176711756/image/Keysight-Technologies-N2856A.jpg,,,,,,,,
E36312A/GPB,1,https://sigma.octopart.com/176711139/image/Keysight-Technologies-E36312A-GPB.jpg,,,,,,,,
E36313A/GPB,1,https://sigma.octopart.com/83968868/image/Keysight-Technologies-E36313A-GPB.jpg,,,,,,,,
E3634A,1,https://sigma.octopart.com/28980776/image/Agilent-E3634A.jpg,,,,,,,,
E36232A,1,https://sigma.octopart.com/178090277/image/Keysight-Technologies-E36232A.jpg,,,,,,,,
53220A,1,https://sigma.octopart.com/26398090/image/Keysight-Technologies-53220A.jpg,,,,,,,,
N5750A,1,https://sigma.octopart.com/21354081/image/Keysight-Technologies-N5750A.jpg,,,,,,,,
N6755A,1,https://sigma.octopart.com/26398931/image/Agilent-N6755A.jpg,,,,,,,,
N3306A,1,https://sigma.octopart.com/26398696/image/Keysight-Technologies-N3306A.jpg,,,,,,,,
N4836A,1,https://sigma.octopart.com/149055276/image/Keysight-Technologies-N4836A.jpg,,,,,,,,
QS18VP6FQ8,1,https://sigma.octopart.com/87206521/image/Banner-QS18VP6FQ8.jpg,,,,,,,,
410-413,1,https://sigma.octopart.com/183140114/image/Digilent-410-413.jpg,,,,,,,,
9038CG32,1,https://sigma.octopart.com/150410156/image/Telemecanique-9038CG32.jpg,,,,,,,,
1579007-2,1,https://sigma.octopart.com/17433716/image/TE-Connectivity-1579007-2.jpg,,,,,,,,
0880420,1,https://sigma.octopart.com/37244561/image/Norgren-0880420.jpg,,,,,,,,
641-12-LED,1,https://sigma.octopart.com/29463013/image/Dwyer-Instruments-641-12-LED.jpg,,,,,,,,
304G-400-Q-00-XX,1,https://sigma.octopart.com/141348418/image/ATC-304G-400-Q-00-XX.jpg,,,,,,,,
DCT1122,1,https://sigma.octopart.com/139577895/image/Dwyer-Instruments-DCT1122.jpg,,,,,,,,
A621,1,https://sigma.octopart.com/21446744/image/Tektronix-A621.jpg,,,,,,,,
QT50UDBQ6,1,https://sigma.octopart.com/167987167/image/Banner-QT50UDBQ6.jpg,,,,,,,,
63827-5000,1,https://sigma.octopart.com/148238331/image/Molex-638275000.gif,,,,,,,,
BZV6-2RN2,1,https://sigma.octopart.com/479451/image/Honeywell-BZV6-2RN2.jpg,,,,,,,,
91510-1,1,https://sigma.octopart.com/67017516/image/TE-Connectivity-91510-1.png,,,,,,,,
63819-1000,1,https://sigma.octopart.com/12564826/image/Molex-638191000.gif,,,,,,,,
MTC1528S05,1,https://sigma.octopart.com/89733634/image/XP-Power-MTC1528S05.jpg,,,,,,,,
BI5-S18-AZ3X/S100,1,https://sigma.octopart.com/125870102/image/TURCK-BI5-S18-AZ3X-S100.jpg,,,,,,,,
8461 060U500,1,https://sigma.octopart.com/10219660/image/Belden-8461-060U500.jpg,,,,,,,,
M/839,1,https://sigma.octopart.com/146355485/image/Norgren-M-839.jpg,,,,,,,,
L20000DCV5,1,https://sigma.octopart.com/178167/image/Laurel-L20000DCV5.jpg,,,,,,,,
QS30LDLQ,1,https://sigma.octopart.com/38280135/image/Banner-QS30LDLQ.jpg,,,,,,,,
Z779.H.F,1,https://sigma.octopart.com/123632627/image/Pepperl-%26-Fuchs-Z779.H.F.jpg,,,,,,,,
19288-0023,1,https://sigma.octopart.com/37153452/image/Molex-192880023.jpg,,,,,,,,
Q45ULIU64ACRQ,1,https://sigma.octopart.com/87205510/image/Banner-Q45ULIU64ACRQ.jpg,,,,,,,,
01002-8460,1,https://sigma.octopart.com/152728496/image/Sensata---BEI-Sensors-01002-8460.jpg,,,,,,,,
FN3287-63-53-C26-R65,1,https://sigma.octopart.com/167968666/image/TE-Connectivity-FN3287-63-53-C26-R65.png,,,,,,,,
VBA40A-T04-Z,1,https://sigma.octopart.com/169403186/image/SMC-VBA40A-T04-Z.jpg,,,,,,,,
63819-0000,1,https://sigma.octopart.com/12564826/image/Molex-63819-0000.gif,,,,,,,,
AMT12-S1,1,https://sigma.octopart.com/121395336/image/Altech-AMT12-S1.jpg,77.53,0,1,Wolf Automation AMT12-S1,Wolf Automation,AMT12-S1,https://octopart.com/opatz8j6/a1?t=NaNzzxnYqe32ny1LV6WT5I3zn6jg5r40vvR3P9mUtFjTj8YJLZ65BvsFhst-7YiiQyV4RWRuGrZyfWBWgqrBzpZYmarfNnj6H5ftbec-O-nlfiFbihJzaBVxI_erji0D0lKGmtfkGyhsqvMsGeYtch-hdtX39m0sIGedQ4Si7jFKZlJuDWR3xkkhKnRg-6MnaveLUJiFmEADTtq6ej8gWOVF5DrWbkj75U5aOvsQpZZCYOjdWWmkqrlb-xr2gPVtNEc7JDsexB9QneXkR-YCNgDGlPA_ig,77.53
8956.2C,1,https://sigma.octopart.com/37475451/image/Altech-8956.2C.jpg,,,,,,,,
MA501-110V-CU,1,https://sigma.octopart.com/37476011/image/Altech-MA501-110V-CU.jpg,,,,,,,,
2C50UL,1,https://sigma.octopart.com/83113156/image/Altech-2C50UL.jpg,,,,,,,,
3C60UL,1,https://sigma.octopart.com/83113157/image/Altech-3C60UL.jpg,,,,,,,,
2D20UR,1,https://sigma.octopart.com/140256375/image/Altech-2D20UR.jpg,,,,,,,,
RM84-2012-35-5120,1,https://sigma.octopart.com/175579269/image/Altech-RM84-2012-35-5120.jpg,,,,,,,,
KKVM 332 Y/R,1,https://sigma.octopart.com/182523834/image/Altech-KKVM-332-Y-R.jpg,210.5,1,1,Wolf Automation KKVM 332 Y/R,Wolf Automation,KKVM 332 Y/R,https://octopart.com/opatz8j6/a1?t=KZANED2LV0twTYto_-lfYpMDkQloX-MUYYTbhsU3p62nO9jQONdtZ9pYqoBw_YKwiUC4lZs-lYbWl4L7SI2t-DqBNkbmJ8hZEplyuVsmEZA4atC_qXJlq-eMs0nHezcwKbjUQ3-3cpN4rFurcEEJVo1wNOW-DBcl2G63RZu1ug9B2NZ3EPoZvfmMF5pU6TPeigmQMFo2ayscXFZkAbMNYvNCUgzususkPOc3FIykCYE9yxzZrKsGzJR-Ug5V-PnSdKgTI-_AX1gMEFuUyWqIkznKs69-,210.5
KU316N,1,https://sigma.octopart.com/137488797/image/Altech-KU316N.jpg,30.24,0,1,Wolf Automation KU316N,Wolf Automation,KU316N,https://octopart.com/opatz8j6/a1?t=fFN6_elExlKbpXK-nmJheOACoiinAhAqs3IS7HZxu-grXR5PqFmcC8itD0zcg2CXXF7KnpaSn_AMkdv08Nj-WxJJaGk846RtzA4sH7ZYzEx_jzjtqfRZGW5B5smDMbBTtKn98OiMQ1tBf6VPxrc56cGNf8VTjdUAczp62MsgCq71i3fMNEWB7dslovJybjXCcXWM-b8dkRvs0qAqNNizLy6S2midm6V95Rbc78N-HqYNi5FE8BnkAjX8lBK7H7sQ0U1CZ1aGSTZQdk6oBCrzgjSufB45,30.24
3D10UL,1,https://sigma.octopart.com/83113157/image/Altech-3D10UL.jpg,,,,,,,,
5747.2,1,https://sigma.octopart.com/121369976/image/Altech-5747.2.jpg,,,,,,,,
150-010,1,https://sigma.octopart.com/156021305/image/Altech-150-010.jpg,,,,,,,,
1G5UM,1,https://sigma.octopart.com/108041919/image/Altech-1G5UM.jpg,19.1,0,1,Wolf Automation 1G5UM,Wolf Automation,1G5UM,https://octopart.com/opatz8j6/a1?t=BI_xqySruTmZssMnn4sGM9XszcxE-ZVdHO5hqEhr6Z0_qYKIQhCqZrQdbgpKLmJmfmOIH471oV6Uk3Nyk1ESc5uQ26XlelcFbcJ0NHHZkQ5Kq3LJyjnPHBhjAz-T9LyWDf47viBnR6_62o6OMlEDE4YBOA7q8FpuZvcm9cy81C-E1lJsIKUph2ogtHX0GNkhje8B9uOZnBHIGCvzXz4wHz9h2J6NPudn42we0eeLjozer9Nt52pKtrSuxrhBuPpjQqfxEes-ZaPCxuCf74MxrQ35xa0HtQ,19.1
3805018,1,https://sigma.octopart.com/158041484/image/Altech-3805018.jpg,,,,,,,,
N5772A,1,https://sigma.octopart.com/21354081/image/Keysight-Technologies-N5772A.jpg,,,,,,,,
U2781A,1,https://sigma.octopart.com/83158877/image/Keysight-Technologies-U2781A.jpg,,,,,,,,
34134A,1,https://sigma.octopart.com/176709980/image/Keysight-Technologies-34134A.jpg,,,,,,,,
34932A,1,https://sigma.octopart.com/10064825/image/Agilent-34932A.jpg,,,,,,,,
33520B,1,https://sigma.octopart.com/23716771/image/Agilent-33520B.jpg,,,,,,,,
10833C,1,https://sigma.octopart.com/146119069/image/Keysight-Technologies-10833C.jpg,,,,,,,,
DAQM909A,1,https://sigma.octopart.com/139899539/image/Keysight-Technologies-DAQM909A.jpg,,,,,,,,
N6741B,1,https://sigma.octopart.com/26398928/image/Agilent-N6741B.jpg,,,,,,,,
AC6802B,1,https://sigma.octopart.com/186576073/image/Keysight-Technologies-AC6802B.jpg,,,,,,,,
N6734B,1,https://sigma.octopart.com/83961615/image/Keysight-Technologies-N6734B.jpg,,,,,,,,
16089B,1,https://sigma.octopart.com/147381185/image/Keysight-Technologies-16089B.jpg,,,,,,,,
82350C,1,https://sigma.octopart.com/26398146/image/Keysight-Technologies-82350C.jpg,,,,,,,,
N2889A,1,https://sigma.octopart.com/21352969/image/Agilent-N2889A.jpg,,,,,,,,
33502A,1,https://sigma.octopart.com/147592561/image/Keysight-Technologies-33502A.jpg,,,,,,,,
U1241C,1,https://sigma.octopart.com/147385977/image/Keysight-Technologies-U1241C.jpg,,,,,,,,
U8031A,1,https://sigma.octopart.com/21353235/image/Keysight-Technologies-U8031A.jpg,,,,,,,,
16089A,1,https://sigma.octopart.com/164380143/image/Keysight-Technologies-16089A.jpg,,,,,,,,
N5764A,1,https://sigma.octopart.com/21354081/image/Keysight-Technologies-N5764A.jpg,,,,,,,,
U1169A,1,https://sigma.octopart.com/146120503/image/Keysight-Technologies-U1169A.jpg,,,,,,,,
34945EXT,1,https://sigma.octopart.com/21463061/image/Keysight-Technologies-34945EXT.jpg,,,,,,,,
34901A,1,https://sigma.octopart.com/21463023/image/Keysight-Technologies-34901A.jpg,,,,,,,,
DAQM900A,1,https://sigma.octopart.com/168157046/image/Keysight-Technologies-DAQM900A.jpg,,,,,,,,
34921A,1,https://sigma.octopart.com/10064825/image/Agilent-34921A.jpg,,,,,,,,
DAQM904A,1,https://sigma.octopart.com/168157050/image/Keysight-Technologies-DAQM904A.jpg,,,,,,,,
N6761A,1,https://sigma.octopart.com/26398928/image/Keysight-Technologies-N6761A.jpg,,,,,,,,
DSOX1202G/DSOX1202A-200,1,https://sigma.octopart.com/147382806/image/Keysight-Technologies-DSOX1202G-DSOX1202A-200.jpg,,,,,,,,
E36106B,1,https://sigma.octopart.com/122934554/image/Keysight-Technologies-E36106B.jpg,,,,,,,,
N6701C,1,https://sigma.octopart.com/146120472/image/Keysight-Technologies-N6701C.jpg,,,,,,,,
N6456A,1,https://sigma.octopart.com/21352784/image/Keysight-Technologies-N6456A.jpg,,,,,,,,
N5745A,1,https://sigma.octopart.com/21354081/image/Keysight-Technologies-N5745A.jpg,,,,,,,,
N2787A,1,https://sigma.octopart.com/23716826/image/Agilent-N2787A.jpg,,,,,,,,
DAQM907A,1,https://sigma.octopart.com/170300046/image/Keysight-Technologies-DAQM907A.jpg,,,,,,,,
53230A,1,https://sigma.octopart.com/26398090/image/Agilent-53230A.jpg,,,,,,,,
N6746B,1,https://sigma.octopart.com/26398928/image/Agilent-N6746B.jpg,,,,,,,,
N6753A,1,https://sigma.octopart.com/26398928/image/Agilent-N6753A.jpg,,,,,,,,
U1242B,1,https://sigma.octopart.com/28980816/image/Agilent-U1242B.jpg,,,,,,,,
34103A,1,https://sigma.octopart.com/8626537/image/Agilent-34103A.jpg,,,,,,,,
N6700C,1,https://sigma.octopart.com/147352922/image/Keysight-Technologies-N6700C.jpg,,,,,,,,
N6756A,1,https://sigma.octopart.com/160054851/image/Keysight-Technologies-N6756A.jpg,,,,,,,,
DSOX3014A,1,https://sigma.octopart.com/34211956/image/Agilent-DSOX3014A.jpg,,,,,,,,
N2853A,1,https://sigma.octopart.com/147384390/image/Keysight-Technologies-N2853A.jpg,,,,,,,,
10833A,1,https://sigma.octopart.com/28980744/image/Agilent-10833A.jpg,,,,,,,,
E36234A,1,https://sigma.octopart.com/136617401/image/Keysight-Technologies-E36234A.jpg,,,,,,,,
N5765A,1,https://sigma.octopart.com/21354081/image/Agilent-N5765A.jpg,,,,,,,,
8472B,1,https://sigma.octopart.com/21463183/image/Agilent-8472B.jpg,,,,,,,,
34925A,1,https://sigma.octopart.com/10064825/image/Keysight-Technologies-34925A.jpg,,,,,,,,
33521B,1,https://sigma.octopart.com/23716772/image/Keysight-Technologies-33521B.jpg,,,,,,,,
MSOX2014A,1,https://sigma.octopart.com/28980783/image/Agilent-MSOX2014A.jpg,,,,,,,,
U1253B,1,https://sigma.octopart.com/24577474/image/Agilent-U1253B.jpg,,,,,,,,
U1233A,1,https://sigma.octopart.com/26399068/image/Keysight-Technologies-U1233A.jpg,,,,,,,,
10073D,1,https://sigma.octopart.com/146118952/image/Keysight-Technologies-10073D.jpg,,,,,,,,
E36231A,1,https://sigma.octopart.com/178090276/image/Keysight-Technologies-E36231A.jpg,,,,,,,,
DSOX2024A,1,https://sigma.octopart.com/28980765/image/Agilent-DSOX2024A.jpg,,,,,,,,
N6784A,1,https://sigma.octopart.com/26398930/image/Agilent-N6784A.jpg,,,,,,,,
TCB-K,1,https://sigma.octopart.com/167965016/image/American-Electrical-TCB-K.jpg,,,,,,,,
A1100.13.150,1,https://sigma.octopart.com/168812997/image/American-Electrical-A1100.13.150.png,,,,,,,,
LDSUB-9-MF,1,https://sigma.octopart.com/168816210/image/American-Electrical-LDSUB-9-MF.png,,,,,,,,
TCB-J,1,https://sigma.octopart.com/184429893/image/American-Electrical-TCB-J.jpg,,,,,,,,
TCONN-K,1,https://sigma.octopart.com/37476751/image/American-Electrical-TCONN-K.jpg,,,,,,,,
CC18-110,1,https://sigma.octopart.com/112263081/image/American-Electrical-CC18-110.jpg,,,,,,,,
TCONN-J,1,https://sigma.octopart.com/121465432/image/American-Electrical-TCONN-J.jpg,,,,,,,,
51510,1,https://sigma.octopart.com/155479512/image/icotek-51510.jpg,,,,,,,,
AMB-25,1,https://sigma.octopart.com/168473849/image/Amprobe-AMB-25.jpg,,,,,,,,
AMB-45,1,https://sigma.octopart.com/29586069/image/Amprobe-AMB-45.jpg,,,,,,,,
TMD-56,1,https://sigma.octopart.com/29029130/image/Amprobe-TMD-56.jpg,,,,,,,,
34921T,1,https://sigma.octopart.com/186576057/image/Keysight-Technologies-34921T.jpg,,,,,,,,
N6775A,1,https://sigma.octopart.com/26398928/image/Keysight-Technologies-N6775A.jpg,,,,,,,,
N6732B,1,https://sigma.octopart.com/26398928/image/Agilent-N6732B.jpg,,,,,,,,
53210A,1,https://sigma.octopart.com/26398090/image/Agilent-53210A.jpg,,,,,,,,
N6764A,1,https://sigma.octopart.com/21463583/image/Agilent-N6764A.jpg,,,,,,,,
N5770A,1,https://sigma.octopart.com/21354081/image/Keysight-Technologies-N5770A.jpg,,,,,,,,
DAQM902A,1,https://sigma.octopart.com/168157048/image/Keysight-Technologies-DAQM902A.jpg,,,,,,,,
34938A,1,https://sigma.octopart.com/10064825/image/Agilent-34938A.jpg,,,,,,,,
MSOX2024A,1,https://sigma.octopart.com/28980785/image/Agilent-MSOX2024A.jpg,,,,,,,,
N6777A,1,https://sigma.octopart.com/21463595/image/Agilent-N6777A.jpg,,,,,,,,
N2747A,1,https://sigma.octopart.com/147383184/image/Keysight-Technologies-N2747A.jpg,,,,,,,,
U1281A,1,https://sigma.octopart.com/56836994/image/Keysight-Technologies-U1281A.jpg,,,,,,,,
34450A,1,https://sigma.octopart.com/28980746/image/Agilent-34450A.jpg,,,,,,,,
E3642A,1,https://sigma.octopart.com/34299226/image/Keysight-Technologies-E3642A.jpg,,,,,,,,
34465A,1,https://sigma.octopart.com/38185627/image/Keysight-Technologies-34465A.jpg,,,,,,,,
U1273AX,1,https://sigma.octopart.com/26399103/image/Keysight-Technologies-U1273AX.jpg,,,,,,,,
33611A,1,https://sigma.octopart.com/26561279/image/Keysight-Technologies-33611A.jpg,,,,,,,,
34952A,1,https://sigma.octopart.com/10064825/image/Agilent-34952A.jpg,,,,,,,,
6321G1,1,https://sigma.octopart.com/167975725/image/Anderson-Power-6321G1.jpg,,,,,,,,
6322G1,1,https://sigma.octopart.com/167975735/image/Anderson-Power-6322G1.jpg,,,,,,,,
6326G1,2,https://sigma.octopart.com/57427890/image/Anderson-Power-6326G1.jpg,,,,,,,,
6384G1,1,https://sigma.octopart.com/78863185/image/Anderson-Power-6384G1.jpg,,,,,,,,
2-7249G1,1,https://sigma.octopart.com/167975442/image/Anderson-Power-2-7249G1.jpg,,,,,,,,
PCL03,2,https://sigma.octopart.com/166114819/image/Anderson-Power-PCL03.jpg,,,,,,,,
6325G1,1,https://sigma.octopart.com/145663558/image/Anderson-Power-6325G1.jpg,,,,,,,,
320-1104,1,https://sigma.octopart.com/155688871/image/Anderson-Power-320-1104.jpg,,,,,,,,
6320G5,1,https://sigma.octopart.com/119411474/image/Anderson-Power-6320G5.jpg,,,,,,,,
1309G8,1,https://sigma.octopart.com/10192249/image/Anderson-Power-1309G8.jpg,,,,,,,,
1381G1,1,https://sigma.octopart.com/139846755/image/Anderson-Power-1381G1.jpg,,,,,,,,
A32502-10C9,1,https://sigma.octopart.com/175556967/image/Anderson-Power-A32502-10C9.jpg,,,,,,,,
5637AB,1,https://sigma.octopart.com/23717796/image/APEM-5637AB.jpg,,,,,,,,
631H/2K,1,https://sigma.octopart.com/145583549/image/APEM-631H-2K.jpg,,,,,,,,
5638A9,1,https://sigma.octopart.com/145583490/image/APEM-5638A9.jpg,,,,,,,,
4641A22UU,1,https://sigma.octopart.com/44492347/image/APEM-4641A22UU.jpg,,,,,,,,
LK6HNB126N3,1,https://sigma.octopart.com/145588641/image/APEM-LK6HNB126N3.jpg,,,,,,,,
ISR3SAD600,1,https://sigma.octopart.com/27186839/image/APEM-ISR3SAD600.jpg,,,,,,,,
MTG72AD2,1,https://sigma.octopart.com/165503642/image/APEM-MTG72AD2.jpg,,,,,,,,
LK68NB126N3,1,https://sigma.octopart.com/145588641/image/APEM-LK68NB126N3.jpg,,,,,,,,
SH6S1311AKULS2,1,https://sigma.octopart.com/21364415/image/APEM-SH6S1311AKULS2.jpg,,,,,,,,
21136NA,1,https://sigma.octopart.com/145583403/image/APEM-21136NA.jpg,,,,,,,,
KG492A2XXA21XX,1,https://sigma.octopart.com/538589/image/Apem-KG492A2XXA21XX.jpg,,,,,,,,
4040B,1,https://sigma.octopart.com/29059863/image/B%26K-4040B.jpg,,,,,,,,
1739,1,https://sigma.octopart.com/37221684/image/B%26K-Precision-1739.jpg,,,,,,,,
CP 3,1,https://sigma.octopart.com/32017017/image/B%26K-Precision-CP3.jpg,,,,,,,,
CAL73,1,https://sigma.octopart.com/151212737/image/B%26K-Precision-CAL73.jpg,,,,,,,,
TLPWR1,1,https://sigma.octopart.com/170244125/image/B%26K-Precision-TLPWR1.jpg,,,,,,,,
891,1,https://sigma.octopart.com/110483980/image/B%26K-Precision-891.jpg,,,,,,,,
IT-E132B,1,https://sigma.octopart.com/147373433/image/B%26K-Precision-IT-E132B.jpg,,,,,,,,
BCC032H,1,https://sigma.octopart.com/175733350/image/Balluff-BCC032H.png,,,,,,,,
BES02YJ,1,https://sigma.octopart.com/175740593/image/Balluff-BES02YJ.png,,,,,,,,
BES013N,1,https://sigma.octopart.com/175739499/image/Balluff-BES013N.png,,,,,,,,
BMF00C4,1,https://sigma.octopart.com/151240940/image/Balluff-BMF00C4.png,,,,,,,,
BCC09JC,1,https://sigma.octopart.com/175735771/image/Balluff-BCC09JC.png,,,,,,,,
BES01AU,1,https://sigma.octopart.com/175739592/image/Balluff-BES01AU.png,,,,,,,,
BES01AW,1,https://sigma.octopart.com/175739592/image/Balluff-BES01AW.png,,,,,,,,
6639S-1-203,1,https://sigma.octopart.com/10193384/image/Bourns-6639S-1-203.jpg,,,,,,,,
PX0911/03/P,1,https://sigma.octopart.com/49840678/image/Bulgin-PX0911-03-P.jpg,,,,,,,,
PX0911/03/S/02,1,https://sigma.octopart.com/185877539/image/Bulgin-PX0911-03-S-02.jpg,,,,,,,,
PX0748/P,1,https://sigma.octopart.com/17573169/image/Bulgin-PX0748-P.jpg,,,,,,,,
PX0766/S,1,https://sigma.octopart.com/21372532/image/Bulgin-PX0766-S.jpg,,,,,,,,
BVA01/Z0000/11,1,https://sigma.octopart.com/37488981/image/Bulgin-BVA01-Z0000-11.jpg,,,,,,,,
PX0921/10/S,1,https://sigma.octopart.com/17573427/image/Bulgin-PX0921-10-S.jpg,,,,,,,,
PXP7012/03S/ST,1,https://sigma.octopart.com/91948697/image/Bulgin-PXP7012-03S-ST.jpg,,,,,,,,
MPZ022/F,1,https://sigma.octopart.com/145749083/image/Bulgin-MPZ022-F.jpg,,,,,,,,
PX0410/06P/6065,1,https://sigma.octopart.com/12805866/image/Bulgin-PX0410-06P-6065.jpg,,,,,,,,
MPI002/TE/BL/24,1,https://sigma.octopart.com/99952934/image/Bulgin-MPI002-TE-BL-24.jpg,,,,,,,,
PX0410/04S/6065,1,https://sigma.octopart.com/90950587/image/Bulgin-PX0410-04S-6065.jpg,,,,,,,,
PXP7011/06P/ST/0507,1,https://sigma.octopart.com/150058002/image/Bulgin-PXP7011-06P-ST-0507.jpg,,,,,,,,
PX0410/04P/4550,1,https://sigma.octopart.com/21372471/image/Bulgin-PX0410-04P-4550.jpg,,,,,,,,
PX0410/04P/6065,1,https://sigma.octopart.com/12805866/image/Bulgin-PX0410-04P-6065.jpg,,,,,,,,
PX0911/05/S,1,https://sigma.octopart.com/34231740/image/Bulgin-PX0911-05-S.jpg,,,,,,,,
LISIPAROIWHT-01,1,https://sigma.octopart.com/42417967/image/Cyntech-Inc.-LISIPAROIWHT-01.jpg,,,,,,,,
TR133A,1,https://sigma.octopart.com/10925142/image/Dantona-Industries-TR133A.jpg,,,,,,,,
125DV-C,1,https://sigma.octopart.com/150758982/image/Dart-Controls-125DV-C.jpg,,,,,,,,
57AC15E,1,https://sigma.octopart.com/29399966/image/Dart-Controls-57AC15E.jpg,209.6,1,1,Wolf Automation 57AC15E,Wolf Automation,57AC15E,https://octopart.com/opatz8j6/a1?t=szvUiOtR4FdAzytc3XfTHrgcMQ33OAjU7MrdtQw3R7c0sVUoVOCBChIhmJ_fGCyCFzREtMMO1lgrW66rS_5XTOhiWWtIxsFKzUZ5Fl_kjvjRSiguSmlFvxdCrK0h8hhuAPlTeaIiOBRrCM8edyg_4uhvRS24qPneXsWVe9lFLOo1TwuJ6rEzkWYHYQJyBqR0pHdphrUbaNKLzdG-YczA3CthmyooPJg4w4ocB0WBr_F_WsSZBQvRc20rsdd-XYCSuQ9lgbx1_mIvVRh-mz6OBkJ2KT41QQ,209.6
253G-200E,1,https://sigma.octopart.com/161344531/image/Dart-Controls-253G-200E.jpg,385.6,7,1,Wolf Automation 253G-200E,Wolf Automation,253G-200E,https://octopart.com/opatz8j6/a1?t=GGYwupracI9ZHiL37menUv74jCiYDhy05z8vws8IWbJHCFzmMpyNQiC1GvKEWyJ2JDMapH86CUfFaHnkD-pPyT4ByHAiB1xj8QDdZPnYmWGvi-CXSMm9TFm2XK5EgLzeUHHvlp8cMuZQrsVn8i8wIbNKJb4sJFZY14wjOsgXCYVk7-xkNjHxuCdB-N_1Bq_8GZwAMg9N9AGMXPnduHwima4OFHLMb9Sp28jM3lTbk3D7KfRDlIwH4i6oWwzpUaD_NlrWC1exkhmjvG14xZUQYbHnbtQHVA,385.6
98256,1,https://sigma.octopart.com/37495539/image/Desco-98256.jpg,,,,,,,,
09182,1,https://sigma.octopart.com/45553955/image/Desco-09182.jpg,,,,,,,,
09181,1,https://sigma.octopart.com/45553955/image/Desco-09181.jpg,,,,,,,,
09817,1,https://sigma.octopart.com/34182409/image/Desco-09817.jpg,,,,,,,,
LS25-1B5TN-08,1,https://sigma.octopart.com/29457387/image/Duff-Norton-LS25-1B5TN-08.jpg,,,,,,,,
VFA-21-BV,1,https://sigma.octopart.com/32017355/image/Dwyer-Instruments-VFA-21-BV.jpg,,,,,,,,
VFA-5-BV,1,https://sigma.octopart.com/32017355/image/Dwyer-Instruments-VFA-5-BV.jpg,,,,,,,,
18055,1,https://sigma.octopart.com/9616771/image/Dymo-18055.jpg,,,,,,,,
2702409,1,https://sigma.octopart.com/168521647/image/Phoenix-Contact-2702409.jpg,,,,,,,,
5542314,1,https://sigma.octopart.com/168540478/image/Phoenix-Contact-5542314.jpg,,,,,,,,
2940391,1,https://sigma.octopart.com/28528654/image/Phoenix-Contact-2940391.jpg,,,,,,,,
1020009,1,https://sigma.octopart.com/126108543/image/Phoenix-Contact-1020009.jpg,,,,,,,,
1204384,1,https://sigma.octopart.com/146468356/image/Phoenix-Contact-1204384.jpg,,,,,,,,
1020076,1,https://sigma.octopart.com/126108543/image/Phoenix-Contact-1020076.jpg,,,,,,,,
HP518A6,1,https://sigma.octopart.com/37497472/image/Eagle-Signal-Controls-HP518A6.jpg,,,,,,,,
CM030121210,1,https://sigma.octopart.com/136493146/image/Eagle-Signal-Controls-CM030121210.jpg,,,,,,,,
HP53A6,1,https://sigma.octopart.com/14120343/image/Eagle-HP53A6.jpg,,,,,,,,
BRE9A6,1,https://sigma.octopart.com/168026342/image/Eagle-Signal-Controls-BRE9A6.jpg,,,,,,,,
HP55A6,1,https://sigma.octopart.com/37497477/image/Eagle-Signal-Controls-HP55A6.jpg,,,,,,,,
HP59A6,1,https://sigma.octopart.com/122156677/image/Eagle-Signal-Controls-HP59A6.jpg,,,,,,,,
115-6Y-12K,1,https://sigma.octopart.com/21385975/image/Edwards-Signaling-115-6Y-12K.jpg,,,,,,,,
115-Y,1,https://sigma.octopart.com/21385978/image/Edwards-Signaling-115-Y.jpg,,,,,,,,
876-N5,1,https://sigma.octopart.com/10069481/image/Edwards-Signaling-876-N5.jpg,,,,,,,,
2744694,1,https://sigma.octopart.com/550659/image/Phoenix-Contact-2744694..jpg,,,,,,,,
2280349,1,https://sigma.octopart.com/5387802/image/Phoenix-Contact-2280349.jpg,,,,,,,,
2865476,1,https://sigma.octopart.com/37531453/image/Phoenix-Contact-2865476.jpg,,,,,,,,
AFCM0001,1,https://sigma.octopart.com/152559642/image/Red-Lion-Controls-AFCM0001.jpg,,,,,,,,
2965143,1,https://sigma.octopart.com/147354238/image/Phoenix-Contact-2965143.jpg,,,,,,,,
2322414,1,https://sigma.octopart.com/37531085/image/Phoenix-Contact-2322414.jpg,,,,,,,,
1212368,1,https://sigma.octopart.com/168514488/image/Phoenix-Contact-1212368.jpg,,,,,,,,
2708041,1,https://sigma.octopart.com/168521918/image/Phoenix-Contact-2708041.jpg,,,,,,,,
2941183,1,https://sigma.octopart.com/44126385/image/Phoenix-Contact-2941183.jpg,,,,,,,,
2868651,1,https://sigma.octopart.com/98959220/image/Phoenix-Contact-STEP-PS-1AC-24DC-2%2C5.jpg,,,,,,,,
2308098,1,https://sigma.octopart.com/168520578/image/Phoenix-Contact-2308098.jpg,,,,,,,,
2703006,1,https://sigma.octopart.com/168521914/image/Phoenix-Contact-2703006.jpg,,,,,,,,
2702763,1,https://sigma.octopart.com/123817879/image/Phoenix-Contact-2702763.jpg,,,,,,,,
2866381,1,https://sigma.octopart.com/135615163/image/Phoenix-Contact-2866381.jpg,,,,,,,,
2902043,1,https://sigma.octopart.com/135617083/image/Phoenix-Contact-2902043.jpg,,,,,,,,
2866491,1,https://sigma.octopart.com/146491675/image/Phoenix-Contact-2866491.jpg,,,,,,,,
1088136,1,https://sigma.octopart.com/153475047/image/Phoenix-Contact-1088136.jpg,,,,,,,,
2910385,1,https://sigma.octopart.com/118949995/image/Phoenix-Contact-2910385.jpg,,,,,,,,
2320102,1,https://sigma.octopart.com/146489973/image/Phoenix-Contact-2320102.jpg,,,,,,,,
2865955,1,https://sigma.octopart.com/32571626/image/Phoenix-Contact-2865955.jpg,,,,,,,,
2904945,1,https://sigma.octopart.com/168526411/image/Phoenix-Contact-2904945.jpg,,,,,,,,
2744416,1,https://sigma.octopart.com/146490216/image/Phoenix-Contact-2744416.jpg,,,,,,,,
1085163,1,https://sigma.octopart.com/170166484/image/Phoenix-Contact-1085163.jpg,,,,,,,,
115-7Y-06K,1,https://sigma.octopart.com/25387775/image/Edwards-Signaling-115-7Y-06K.jpg,,,,,,,,
LD50W-36-C1400-RD,1,https://sigma.octopart.com/149977072/image/EPtronics-LD50W-36-C1400-RD.jpg,,,,,,,,
CLSM-50LA,1,https://sigma.octopart.com/10291067/image/F.W.-Bell-CLSM-50LA.jpg,,,,,,,,
CSS-150,1,https://sigma.octopart.com/10087348/image/F.W.-Bell-CSS-150.jpg,,,,,,,,
3252J/2H3PU,1,https://sigma.octopart.com/141192591/image/EBM-Papst-3252J-2H3PU.jpg,,,,,,,,
R1G220-AB73-52,1,https://sigma.octopart.com/348913/image/EBM-Papst-R1G220-AB73-52.jpg,,,,,,,,
1105562,1,https://sigma.octopart.com/183283719/image/Phoenix-Contact-1105562.jpg,,,,,,,,
2961451,1,https://sigma.octopart.com/177417217/image/Phoenix-Contact-2961451.png,,,,,,,,
2907077,1,https://sigma.octopart.com/169676571/image/Phoenix-Contact-2907077.jpg,,,,,,,,
4118NH3,1,https://sigma.octopart.com/46734950/image/EBM-Papst-4118NH3.jpg,,,,,,,,
2906810,1,https://sigma.octopart.com/168526875/image/Phoenix-Contact-2906810.jpg,,,,,,,,
2866501,1,https://sigma.octopart.com/146491688/image/Phoenix-Contact-2866501.jpg,,,,,,,,
4114N/2H6P,1,https://sigma.octopart.com/136496791/image/EBM-Papst-4114N-2H6P.jpg,,,,,,,,
K2E225-RA40-02,1,https://sigma.octopart.com/136499250/image/EBM-Papst-K2E225-RA40-02.jpg,,,,,,,,
1452466,1,https://sigma.octopart.com/59812772/image/Phoenix-Contact-1452466.jpg,,,,,,,,
0819495,1,https://sigma.octopart.com/44102426/image/Phoenix-Contact-0819495.jpg,,,,,,,,
W-HT-1921-P,1,https://sigma.octopart.com/136361964/image/GC-Electronics-W-HT-1921.jpg,,,,,,,,
2891056,1,https://sigma.octopart.com/168523862/image/Phoenix-Contact-2891056.jpg,,,,,,,,
2904622,1,https://sigma.octopart.com/178499516/image/Phoenix-Contact-2904622.jpg,,,,,,,,
4414L,1,https://sigma.octopart.com/44200645/image/EBM-Papst-4414L.jpg,,,,,,,,
2907753,1,https://sigma.octopart.com/146502698/image/Phoenix-Contact-2907753.jpg,,,,,,,,
2702903,1,https://sigma.octopart.com/168521904/image/Phoenix-Contact-2702903.jpg,,,,,,,,
1212475,1,https://sigma.octopart.com/59811333/image/Phoenix-Contact-1212475.jpg,,,,,,,,
W4D400-DP12-40,1,https://sigma.octopart.com/136497661/image/EBM-Papst-W4D400-DP12-40.jpg,,,,,,,,
R2E225-RA92-09,1,https://sigma.octopart.com/133724941/image/EBM-Papst-R2E225-RA92-09.jpg,,,,,,,,
2811446,1,https://sigma.octopart.com/146490394/image/Phoenix-Contact-2811446.jpg,,,,,,,,
R2D190-RA08-13,1,,,,,,,,,
1788062,1,https://sigma.octopart.com/140866420/image/Phoenix-Contact-1788062.jpg,,,,,,,,
R4E310-AO12-10,1,https://sigma.octopart.com/348739/image/EBM-Papst-R4E310-AO12-10.jpg,,,,,,,,
2814715,1,https://sigma.octopart.com/146490404/image/Phoenix-Contact-2814715.jpg,,,,,,,,
4112NH4,1,https://sigma.octopart.com/29489360/image/EBM-Papst-4112NH4.jpg,,,,,,,,
2811556,1,https://sigma.octopart.com/37531296/image/Phoenix-Contact-2811556.jpg,,,,,,,,
2908452,1,https://sigma.octopart.com/123822250/image/Phoenix-Contact-2908452.jpg,,,,,,,,
2302366,1,https://sigma.octopart.com/32958932/image/Phoenix-Contact-2302366.jpg,,,,,,,,
1212710,1,https://sigma.octopart.com/140905958/image/Phoenix-Contact-1212710.jpg,,,,,,,,
2865515,1,https://sigma.octopart.com/37531453/image/Phoenix-Contact-2865515.jpg,,,,,,,,
2700582,1,https://sigma.octopart.com/114429324/image/Phoenix-Contact-2700582.jpg,,,,,,,,
1236563,1,https://sigma.octopart.com/155126588/image/Phoenix-Contact-1236563.jpg,,,,,,,,
2313423,1,https://sigma.octopart.com/123817185/image/Phoenix-Contact-2313423.jpg,,,,,,,,
R3G225-RE07-03,1,https://sigma.octopart.com/149470214/image/EBM-Papst-R3G225-RE07-03.jpg,,,,,,,,
R4E355-AK05-06,1,https://sigma.octopart.com/136497530/image/EBM-Papst-R4E355-AK05-06.jpg,,,,,,,,
2700973,1,https://sigma.octopart.com/123817648/image/Phoenix-Contact-2700973.jpg,,,,,,,,
2961419,1,https://sigma.octopart.com/66737201/image/Phoenix-Contact-2961419.jpg,,,,,,,,
2902040,1,https://sigma.octopart.com/135617081/image/Phoenix-Contact-2902040.jpg,,,,,,,,
2963763,1,https://sigma.octopart.com/13128702/image/Phoenix-Contact-2963763.jpg,,,,,,,,
2908660,1,https://sigma.octopart.com/140989380/image/Phoenix-Contact-2908660.jpg,,,,,,,,
0801014,1,https://sigma.octopart.com/116885568/image/Phoenix-Contact-0801014.jpg,,,,,,,,
2281209,1,https://sigma.octopart.com/135613425/image/Phoenix-Contact-2281209.jpg,,,,,,,,
RER133-41/14/2TDMP,1,https://sigma.octopart.com/115878501/image/EBM-Papst-RER133-41-14-2TDMP.jpg,,,,,,,,
W2E250-HL06-01,1,https://sigma.octopart.com/8809278/image/EBM-Papst-W2E250-HL06-01.jpg,,,,,,,,
2910349,1,https://sigma.octopart.com/168528725/image/Phoenix-Contact-2910349.jpg,,,,,,,,
2702970,1,https://sigma.octopart.com/168521908/image/Phoenix-Contact-2702970.jpg,,,,,,,,
2281131,1,https://sigma.octopart.com/135613394/image/Phoenix-Contact-2281131.jpg,,,,,,,,
8556N,1,https://sigma.octopart.com/348214/image/EBM-Papst-8556N.jpg,,,,,,,,
2903798,1,https://sigma.octopart.com/66743483/image/Phoenix-Contact-2903798.jpg,,,,,,,,
8312HLU,1,https://sigma.octopart.com/31823285/image/EBM-Papst-8312HLU.jpg,,,,,,,,
R1G190-AB25-02,1,https://sigma.octopart.com/89760243/image/EBM-Papst-R1G190-AB25-02.jpg,,,,,,,,
2838775,1,https://sigma.octopart.com/177395034/image/Phoenix-Contact-2838775.png,,,,,,,,
1622460,1,https://sigma.octopart.com/170310532/image/Phoenix-Contact-1622460.jpg,,,,,,,,
5543643,1,https://sigma.octopart.com/149793624/image/Phoenix-Contact-5543643.jpg,,,,,,,,
0903026,1,https://sigma.octopart.com/133564838/image/Phoenix-Contact-0903026.jpg,,,,,,,,
2320539,1,https://sigma.octopart.com/140911015/image/Phoenix-Contact-2320539.jpg,,,,,,,,
2981444,1,https://sigma.octopart.com/146511570/image/Phoenix-Contact-2981444.jpg,,,,,,,,
G1G120-AB67-02,1,https://sigma.octopart.com/147264792/image/EBM-Papst-G1G120-AB67-02.jpg,,,,,,,,
2982650,1,https://sigma.octopart.com/146511865/image/Phoenix-Contact-2982650.jpg,,,,,,,,
2700453,1,https://sigma.octopart.com/168521063/image/Phoenix-Contact-2700453.jpg,,,,,,,,
2981525,1,https://sigma.octopart.com/28528892/image/Phoenix-Contact-2981525.jpg,,,,,,,,
2702383,1,https://sigma.octopart.com/136870584/image/Phoenix-Contact-2702383.jpg,,,,,,,,
1452709,1,https://sigma.octopart.com/59812774/image/Phoenix-Contact-1452709.jpg,,,,,,,,
2856126,1,https://sigma.octopart.com/37531411/image/Phoenix-Contact-2856126.jpg,,,,,,,,
2295554,1,https://sigma.octopart.com/177380576/image/Phoenix-Contact-2295554.png,,,,,,,,
W3G200-HD01-03,1,https://sigma.octopart.com/149470998/image/EBM-Papst-W3G200-HD01-03.jpg,,,,,,,,
2910348,1,https://sigma.octopart.com/118949667/image/Phoenix-Contact-2910348.jpg,,,,,,,,
2838762,1,https://sigma.octopart.com/44123669/image/Phoenix-Contact-2838762.jpg,,,,,,,,
2864095,1,https://sigma.octopart.com/59841199/image/Phoenix-Contact-2864095.jpg,,,,,,,,
R2E140-AS77-05,1,https://sigma.octopart.com/23636103/image/EBM-Papst-R2E140-AS77-05.jpg,,,,,,,,
W3G250-HK19-11,1,https://sigma.octopart.com/112255978/image/EBM-Papst-W3G250-HK19-11.jpg,,,,,,,,
R2E190-RB88-14,1,https://sigma.octopart.com/86445319/image/EBM-Papst-R2E190-RB88-14.jpg,,,,,,,,
612J/2H,1,https://sigma.octopart.com/160439195/image/EBM-Papst-612J-2H.jpg,,,,,,,,
1212609,1,https://sigma.octopart.com/59811472/image/Phoenix-Contact-1212609.jpg,,,,,,,,
5542754,1,https://sigma.octopart.com/176636873/image/Phoenix-Contact-5542754.jpg,,,,,,,,
R4E355-AN09-12,1,https://sigma.octopart.com/49879907/image/EBM-Papst-R4E355-AN09-12.jpg,,,,,,,,
2854018,1,https://sigma.octopart.com/142757575/image/Phoenix-Contact-2854018.jpg,,,,,,,,
2803153,1,https://sigma.octopart.com/119467204/image/Phoenix-Contact-2803153.jpg,,,,,,,,
2910370,1,https://sigma.octopart.com/123822351/image/Phoenix-Contact-2910370.jpg,,,,,,,,
2940359,1,https://sigma.octopart.com/111628968/image/Phoenix-Contact-2940359.jpg,,,,,,,,
2864079,1,https://sigma.octopart.com/184317690/image/Phoenix-Contact-2864079.jpg,,,,,,,,
R2E250-RB02-11,1,https://sigma.octopart.com/149470071/image/EBM-Papst-R2E250-RB02-11.jpg,,,,,,,,
2901645,1,https://sigma.octopart.com/135617067/image/Phoenix-Contact-2901645.jpg,,,,,,,,
2961338,1,https://sigma.octopart.com/13128702/image/Phoenix-Contact-2961338.jpg,,,,,,,,
2839185,1,https://sigma.octopart.com/123819504/image/Phoenix-Contact-2839185.jpg,,,,,,,,
2813457,1,https://sigma.octopart.com/168522817/image/Phoenix-Contact-2813457.jpg,,,,,,,,
2810308,1,https://sigma.octopart.com/177394116/image/Phoenix-Contact-2810308.png,,,,,,,,
2900306,1,https://sigma.octopart.com/37531612/image/Phoenix-Contact-2900306.jpg,,,,,,,,
2966799,1,https://sigma.octopart.com/32959840/image/Phoenix-Contact-2966799.jpg,,,,,,,,
2910346,1,https://sigma.octopart.com/123822343/image/Phoenix-Contact-2910346.jpg,,,,,,,,
2902832,1,https://sigma.octopart.com/146496474/image/Phoenix-Contact-2902832.jpg,,,,,,,,
2702972,1,https://sigma.octopart.com/140384163/image/Phoenix-Contact-2702972.jpg,,,,,,,,
2908193,1,https://sigma.octopart.com/116887918/image/Phoenix-Contact-2908193.jpg,,,,,,,,
2803166,1,https://sigma.octopart.com/37531278/image/Phoenix-Contact-2803166.jpg,,,,,,,,
6248N,1,https://sigma.octopart.com/23734973/image/EBM-Papst-6248N.jpg,,,,,,,,
W2E250-HJ32-01,1,https://sigma.octopart.com/11170564/image/EBM-Papst-W2E250-HJ32-01.jpg,,,,,,,,
D2E097-BE01-65,1,https://sigma.octopart.com/348490/image/EBM-Papst-D2E097-BE01-65.jpg,,,,,,,,
G1G108-AB17-02,1,https://sigma.octopart.com/147264791/image/EBM-Papst-G1G108-AB17-02.jpg,,,,,,,,
2703019,1,https://sigma.octopart.com/126101617/image/Phoenix-Contact-2703019.jpg,,,,,,,,
1236537,1,https://sigma.octopart.com/155126588/image/Phoenix-Contact-1236537.jpg,,,,,,,,
2900369,1,https://sigma.octopart.com/123820871/image/Phoenix-Contact-2900369.jpg,,,,,,,,
2981428,1,https://sigma.octopart.com/177420072/image/Phoenix-Contact-2981428.png,,,,,,,,
2902851,1,https://sigma.octopart.com/177402382/image/Phoenix-Contact-2902851.png,,,,,,,,
2963925,1,https://sigma.octopart.com/177417521/image/Phoenix-Contact-2963925.png,,,,,,,,
2702095,1,https://sigma.octopart.com/168521484/image/Phoenix-Contact-2702095.jpg,,,,,,,,
2907079,1,https://sigma.octopart.com/182895505/image/Phoenix-Contact-2907079.jpg,,,,,,,,
2905628,1,https://sigma.octopart.com/168526557/image/Phoenix-Contact-2905628.jpg,,,,,,,,
W2E300-CP02-37,1,https://sigma.octopart.com/136497652/image/EBM-Papst-W2E300-CP02-37.jpg,,,,,,,,
55410.81980,1,https://sigma.octopart.com/22093211/image/EBM-Papst-55410.81980.jpg,,,,,,,,
2949787,1,https://sigma.octopart.com/146507282/image/Phoenix-Contact-2949787.jpg,,,,,,,,
2902017,1,https://sigma.octopart.com/126111404/image/Phoenix-Contact-2902017.jpg,,,,,,,,
2900567,1,https://sigma.octopart.com/163647137/image/Phoenix-Contact-2900567.jpg,,,,,,,,
2700976,1,https://sigma.octopart.com/59838974/image/Phoenix-Contact-2700976.jpg,,,,,,,,
W4E400-CP02-71,1,https://sigma.octopart.com/348580/image/EBM-Papst-W4E400-CP02-71.jpg,,,,,,,,
2903228,1,https://sigma.octopart.com/178529011/image/Phoenix-Contact-2903228.jpg,,,,,,,,
2907704,1,https://sigma.octopart.com/150291473/image/Phoenix-Contact-2907704.jpg,,,,,,,,
2701493,1,https://sigma.octopart.com/59839211/image/Phoenix-Contact-2701493.jpg,,,,,,,,
QG030-198/12,1,https://sigma.octopart.com/10231884/image/EBM-Papst-QG030-198/12.jpg,,,,,,,,
2811394,1,https://sigma.octopart.com/13128702/image/Phoenix-Contact-2811394.jpg,,,,,,,,
R2E225-BA47-11,1,https://sigma.octopart.com/141225385/image/EBM-Papst-R2E225-BA47-11.jpg,,,,,,,,
FE1Q-115-060-01,1,https://sigma.octopart.com/147264780/image/EBM-Papst-FE1Q-115-060-01.jpg,,,,,,,,
R4D310-AS18-01,1,https://sigma.octopart.com/12844142/image/EBM-Papst-R4D310-AS18-01.jpg,,,,,,,,
2700172,1,https://sigma.octopart.com/44121136/image/Phoenix-Contact-2700172.jpg,,,,,,,,
2868716,1,https://sigma.octopart.com/146493045/image/Phoenix-Contact-2868716.jpg,,,,,,,,
2702635,1,https://sigma.octopart.com/126984138/image/Phoenix-Contact-2702635.jpg,,,,,,,,
2839198,1,https://sigma.octopart.com/146490464/image/Phoenix-Contact-2839198.jpg,,,,,,,,
2980665,1,https://sigma.octopart.com/178986450/image/Phoenix-Contact-2980665.jpg,,,,,,,,
2688666,1,https://sigma.octopart.com/126982671/image/Phoenix-Contact-2688666.jpg,,,,,,,,
2907983,1,https://sigma.octopart.com/140988808/image/Phoenix-Contact-2907983.jpg,,,,,,,,
2702665,1,https://sigma.octopart.com/168521665/image/Phoenix-Contact-2702665.jpg,,,,,,,,
D1G146-AA33-52,1,https://sigma.octopart.com/182693548/image/EBM-Papst-D1G146-AA33-52.jpg,,,,,,,,
M2E068-EC07-18,1,https://sigma.octopart.com/141434680/image/EBM-Papst-M2E068-EC07-18.jpg,,,,,,,,
AC6200NMU,1,https://sigma.octopart.com/21385408/image/EBM-Papst-AC6200NMU.jpg,,,,,,,,
1088127,1,https://sigma.octopart.com/182051801/image/Phoenix-Contact-1088127.jpg,,,,,,,,
2297057,1,https://sigma.octopart.com/13128702/image/Phoenix-Contact-2297057.jpg,,,,,,,,
A4E400-AP02-01,1,https://sigma.octopart.com/21385402/image/EBM-Papst-A4E400-AP02-01.jpg,,,,,,,,
2904376,1,https://sigma.octopart.com/146499600/image/Phoenix-Contact-2904376.jpg,,,,,,,,
2904607,1,https://sigma.octopart.com/178859515/image/Phoenix-Contact-2904607.jpg,,,,,,,,
W2E143-AA09-88,1,https://sigma.octopart.com/10113286/image/EBM-Papst-W2E143-AA09-88.jpg,,,,,,,,
2940799,1,https://sigma.octopart.com/57480158/image/Phoenix-Contact-2940799.jpg,,,,,,,,
6314/2NP,1,https://sigma.octopart.com/160439351/image/EBM-Papst-6314-2NP.jpg,,,,,,,,
1088104,1,https://sigma.octopart.com/169717568/image/Phoenix-Contact-1088104.jpg,,,,,,,,
2900342,1,https://sigma.octopart.com/66740314/image/Phoenix-Contact-2900342.jpg,,,,,,,,
R2E220-AB08-12,1,https://sigma.octopart.com/147264939/image/EBM-Papst-R2E220-AB08-12.jpg,,,,,,,,
2803069,1,https://sigma.octopart.com/114130623/image/Phoenix-Contact-2803069.jpg,,,,,,,,
2702139,1,https://sigma.octopart.com/168521486/image/Phoenix-Contact-2702139.jpg,,,,,,,,
2701496,1,https://sigma.octopart.com/59839217/image/Phoenix-Contact-2701496.jpg,,,,,,,,
2866679,1,https://sigma.octopart.com/137280100/image/Phoenix-Contact-2866679.jpg,,,,,,,,
2308205,1,https://sigma.octopart.com/168520580/image/Phoenix-Contact-2308205.jpg,,,,,,,,
W2E250-CL06-70,1,https://sigma.octopart.com/348586/image/EBM-Papst-W2E250-CL06-70.jpg,,,,,,,,
2905354,1,https://sigma.octopart.com/59845083/image/Phoenix-Contact-2905354.jpg,,,,,,,,
R2D140-AB02-14,1,https://sigma.octopart.com/188688464/image/EBM-Papst-R2D140-AB02-14.jpg,,,,,,,,
2703023,1,https://sigma.octopart.com/129149180/image/Phoenix-Contact-2703023.jpg,,,,,,,,
1066718,1,https://sigma.octopart.com/170315212/image/Phoenix-Contact-1066718.jpg,,,,,,,,
2403869,1,https://sigma.octopart.com/140985536/image/Phoenix-Contact-2403869.jpg,,,,,,,,
R2E225-BD92-19,1,https://sigma.octopart.com/168712234/image/EBM-Papst-R2E225-BD92-19.jpg,,,,,,,,
1415781,1,https://sigma.octopart.com/126401491/image/Phoenix-Contact-1415781.jpg,,,,,,,,
1236561,1,https://sigma.octopart.com/155126588/image/Phoenix-Contact-1236561.jpg,,,,,,,,
2700498,1,https://sigma.octopart.com/177385523/image/Phoenix-Contact-2700498.png,,,,,,,,
G2E140-AL30-48,1,https://sigma.octopart.com/8474275/image/EBM-Papst-G2E140-AL30-48.jpg,,,,,,,,
2866048,1,https://sigma.octopart.com/165896382/image/Phoenix-Contact-2866048.jpg,,,,,,,,
R2E180-AS77-22,1,https://sigma.octopart.com/126088297/image/EBM-Papst-R2E180-AS77-22.jpg,,,,,,,,
1026932,1,https://sigma.octopart.com/168511824/image/Phoenix-Contact-1026932.jpg,,,,,,,,
5650106,1,https://sigma.octopart.com/12707404/image/Phoenix-Contact-5650106.jpg,,,,,,,,
2710314,1,https://sigma.octopart.com/177389595/image/Phoenix-Contact-2710314.png,,,,,,,,
2900682,1,https://sigma.octopart.com/170601204/image/Phoenix-Contact-2900682.jpg,,,,,,,,
8315100100,1,https://sigma.octopart.com/159639824/image/EBM-Papst-8315100100.jpg,,,,,,,,
W2E200-CH86-70,1,https://sigma.octopart.com/11309571/image/EBM-Papst-W2E200-CH86-70.jpg,,,,,,,,
RER133-41/18/2TDLOU,1,https://sigma.octopart.com/149470394/image/EBM-Papst-RER133-41-18-2TDLOU.jpg,,,,,,,,
R4E310-AP15-11,1,https://sigma.octopart.com/29489702/image/EBM-Papst-R4E310-AP15-11.jpg,,,,,,,,
1105880,1,https://sigma.octopart.com/155126588/image/Phoenix-Contact-1105880.jpg,,,,,,,,
914CE27-3,1,https://sigma.octopart.com/491934/image/Honeywell-914CE27-3.jpg,,,,,,,,
BXN4L,1,https://sigma.octopart.com/29763865/image/Honeywell---Microswitch-BXN4L.jpg,,,,,,,,
1CPSA2A,1,https://sigma.octopart.com/479561/image/Honeywell-1CPSA2A.jpg,,,,,,,,
LSC6B,1,https://sigma.octopart.com/8620113/image/Honeywell-LSC6B.jpg,,,,,,,,
3015A17,1,https://sigma.octopart.com/37119774/image/Honeywell-3015A17.jpg,,,,,,,,
914CE31-12A,1,https://sigma.octopart.com/492190/image/Honeywell-914CE31-12A.jpg,,,,,,,,
LSQ037,1,https://sigma.octopart.com/49590716/image/Honeywell-LSQ037.jpg,,,,,,,,
LSB3K,1,https://sigma.octopart.com/10844609/image/Honeywell-LSB3K.jpg,,,,,,,,
AML21FBA2AD,1,https://sigma.octopart.com/21397088/image/Honeywell-AML21FBA2AD.jpg,,,,,,,,
141PC15G,1,https://sigma.octopart.com/479623/image/Honeywell-141PC15G.jpg,,,,,,,,
2TL1-70E,1,https://sigma.octopart.com/89188904/image/Honeywell-2TL1-70E.jpg,,,,,,,,
PX2AN1XX100PAAAX,1,https://sigma.octopart.com/89236377/image/Honeywell-PX2AN1XX100PAAAX.jpg,,,,,,,,
LSZ3A,1,https://sigma.octopart.com/8890279/image/Honeywell-LSZ3A.jpg,,,,,,,,
LSM7N,1,https://sigma.octopart.com/8371544/image/Honeywell-LSM7N.jpg,,,,,,,,
SNDH-T4L-G01,1,https://sigma.octopart.com/89240335/image/Honeywell-SNDH-T4L-G01.jpg,,,,,,,,
LSYUB1A,1,https://sigma.octopart.com/8371544/image/Honeywell-LSYUB1A.jpg,,,,,,,,
OP-AR,1,https://sigma.octopart.com/97528440/image/Honeywell-OP-AR.jpg,,,,,,,,
604EN1-6,1,https://sigma.octopart.com/57778526/image/Honeywell-604EN1-6.jpg,,,,,,,,
DC60A60C,1,https://sigma.octopart.com/12748501/image/Sensata-DC60A60C.jpg,,,,,,,,
BZE6-2RQ2,1,https://sigma.octopart.com/479417/image/Honeywell-BZE6-2RQ2.jpg,,,,,,,,
1TL1-2D,1,https://sigma.octopart.com/89181579/image/Honeywell-1TL1-2D.jpg,,,,,,,,
914CE2-3,1,https://sigma.octopart.com/479351/image/Honeywell-914CE2-3.jpg,,,,,,,,
914CE18-3A,1,https://sigma.octopart.com/8317074/image/Honeywell-914CE18-3A.jpg,,,,,,,,
11CX12E,1,https://sigma.octopart.com/102229756/image/Honeywell-11CX12E.jpg,,,,,,,,
MLH500PSB06A,1,https://sigma.octopart.com/89236284/image/Honeywell-MLH500PSB06A.jpg,,,,,,,,
87943-00,1,https://sigma.octopart.com/78809678/image/Honeywell-87943-00.jpg,,,,,,,,
GLAA07A1B,1,https://sigma.octopart.com/479805/image/Honeywell-GLAA07A1B.jpg,,,,,,,,
19C500PA2K,1,https://sigma.octopart.com/479661/image/Honeywell-19C500PA2K.jpg,,,,,,,,
236PC15GW,1,https://sigma.octopart.com/21971247/image/Honeywell-236PC15GW.jpg,,,,,,,,
LS2Z51B,1,https://sigma.octopart.com/479383/image/Honeywell-LS2Z51B.jpg,,,,,,,,
2PB11-T2,1,https://sigma.octopart.com/8884533/image/Honeywell-2PB11-T2.jpg,,,,,,,,
19C030PV4K,1,https://sigma.octopart.com/479661/image/Honeywell-19C030PV4K.jpg,,,,,,,,
FSS1500NST,1,https://sigma.octopart.com/13399323/image/Honeywell-FSS1500NST.jpg,,,,,,,,
OPAR62,1,https://sigma.octopart.com/5349796/image/Honeywell-OP-AR62.jpg,,,,,,,,
6LS2-L,1,https://sigma.octopart.com/7856835/image/Honeywell-6LS2-L.jpg,,,,,,,,
914CE18-AQ1,1,https://sigma.octopart.com/8317074/image/Honeywell-914CE18-AQ1.jpg,,,,,,,,
11LS2,1,https://sigma.octopart.com/479583/image/Honeywell-11LS2.jpg,,,,,,,,
14CE1-3,1,https://sigma.octopart.com/479367/image/Honeywell-14CE1-3.jpg,,,,,,,,
1LS1-4PG,1,https://sigma.octopart.com/479437/image/Honeywell-1LS1-4PG.jpg,,,,,,,,
142PC30D,1,https://sigma.octopart.com/21396924/image/Honeywell-142PC30D..jpg,,,,,,,,
GLGA12C,1,https://sigma.octopart.com/97528163/image/Honeywell-GLGA12C.jpg,,,,,,,,
SNDH-T4C-G01,1,https://sigma.octopart.com/89240327/image/Honeywell-SNDH-T4C-G01.jpg,,,,,,,,
LSK2B8C,1,https://sigma.octopart.com/480829/image/Honeywell-LSK2B-8C.jpg,,,,,,,,
LS3A1A,1,https://sigma.octopart.com/8371544/image/Honeywell-LS3A1A.jpg,,,,,,,,
BZE6-RN80X2,1,https://sigma.octopart.com/479381/image/Honeywell-BZE6-RN80X2.jpg,,,,,,,,
GSXA46A1E,1,https://sigma.octopart.com/10846781/image/Honeywell-GSXA46A1E.jpg,,,,,,,,
SPTMA0300PA4B,1,https://sigma.octopart.com/479797/image/Honeywell-SPTMA0300PA4B.jpg,,,,,,,,
2TL1-72,1,https://sigma.octopart.com/89188905/image/Honeywell-2TL1-72.jpg,,,,,,,,
1LS19,1,https://sigma.octopart.com/479437/image/Honeywell-1LS19.jpg,,,,,,,,
GLEB01A1B,1,https://sigma.octopart.com/479765/image/Honeywell-GLEB01A1B.jpg,,,,,,,,
101TL2-1,1,https://sigma.octopart.com/89171696/image/Honeywell-101TL2-1.jpg,,,,,,,,
19C050PV4K,1,https://sigma.octopart.com/479661/image/Honeywell-19C050PV4K.jpg,,,,,,,,
SL1-P,1,https://sigma.octopart.com/492401/image/Honeywell-SL1P.jpg,,,,,,,,
BAF1-2RQN8-LH,1,https://sigma.octopart.com/481103/image/Honeywell-BAF1-2RQN8-LH.jpg,,,,,,,,
301LS2,1,https://sigma.octopart.com/479911/image/Honeywell-301LS2.jpg,,,,,,,,
LS2A4KC,1,https://sigma.octopart.com/8371544/image/Honeywell-LS2A4KC.jpg,,,,,,,,
MLH150PSB01B,1,https://sigma.octopart.com/89236284/image/Honeywell-MLH150PSB01B.jpg,,,,,,,,
14CE2-3,1,https://sigma.octopart.com/20834450/image/Honeywell-14CE2-3.jpg,,,,,,,,
GLAA01E7B,1,https://sigma.octopart.com/492104/image/Honeywell-GLAA01E7B.jpg,,,,,,,,
BZV6-2RN28,1,https://sigma.octopart.com/37121428/image/Honeywell-BZV6-2RN28.jpg,,,,,,,,
D2E160-AB01-06,1,https://sigma.octopart.com/95641979/image/EBM-Papst-D2E160-AB01-06.jpg,,,,,,,,
W2D170-AA04-52,1,https://sigma.octopart.com/136497639/image/EBM-Papst-W2D170-AA04-52.jpg,,,,,,,,
1212730,1,https://sigma.octopart.com/140905979/image/Phoenix-Contact-1212730.jpg,,,,,,,,
2866459,1,https://sigma.octopart.com/13128702/image/Phoenix-Contact-2866459.jpg,,,,,,,,
1212151,1,https://sigma.octopart.com/28524358/image/Phoenix-Contact-1212151.jpg,,,,,,,,
2838199,1,https://sigma.octopart.com/168523093/image/Phoenix-Contact-2838199.jpg,,,,,,,,
2701534,1,https://sigma.octopart.com/59839213/image/Phoenix-Contact-2701534.jpg,,,,,,,,
1212045,1,https://sigma.octopart.com/147394769/image/Phoenix-Contact-1212045.jpg,,,,,,,,
2901537,1,https://sigma.octopart.com/66729804/image/Phoenix-Contact-2901537.jpg,,,,,,,,
2910386,1,https://sigma.octopart.com/168528730/image/Phoenix-Contact-2910386.jpg,,,,,,,,
2702908,1,https://sigma.octopart.com/142022143/image/Phoenix-Contact-2702908.jpg,,,,,,,,
2903591,1,https://sigma.octopart.com/126101629/image/Phoenix-Contact-2903591.jpg,,,,,,,,
2866284,1,https://sigma.octopart.com/146491186/image/Phoenix-Contact-2866284.jpg,,,,,,,,
2902996,1,https://sigma.octopart.com/168525456/image/Phoenix-Contact-2902996.jpg,,,,,,,,
2905960,1,https://sigma.octopart.com/178294708/image/Phoenix-Contact-2905960.jpg,,,,,,,,
2902994,1,https://sigma.octopart.com/123821304/image/Phoenix-Contact-2902994.jpg,,,,,,,,
2861014,1,https://sigma.octopart.com/184678996/image/Phoenix-Contact-2861014.jpg,,,,,,,,
2981981,1,https://sigma.octopart.com/123820913/image/Phoenix-Contact-2981981.jpg,,,,,,,,
2703018,1,https://sigma.octopart.com/126101616/image/Phoenix-Contact-2703018.jpg,,,,,,,,
168432,1,https://sigma.octopart.com/32409703/image/Gems-Sensors-168432.jpg,,,,,,,,
MWDM2L-37P-6J7-18B,1,,,,,,,,,
440HS030NF1733-3B,1,,,,,,,,,
PB-203A,1,https://sigma.octopart.com/37501110/image/Global-Specialties-PB-203A.jpg,,,,,,,,
PB-101M,1,https://sigma.octopart.com/159552363/image/Global-Specialties-PB-101M.jpg,,,,,,,,
PB-104M,1,https://sigma.octopart.com/159552365/image/Global-Specialties-PB-104M.jpg,,,,,,,,
CDB-10,1,https://sigma.octopart.com/147574086/image/Global-Specialties-CDB-10.jpg,,,,,,,,
1403,1,https://sigma.octopart.com/175433585/image/Global-Specialties-1403.jpg,,,,,,,,
PB-83M,1,https://sigma.octopart.com/159552381/image/Global-Specialties-PB-83M.jpg,,,,,,,,
A420-064836-00,1,https://sigma.octopart.com/27848506/image/Guardian-Electric-A420-064836-00.jpg,,,,,,,,
18-C-120A,1,https://sigma.octopart.com/10053780/image/Guardian-Electric-18-C-120A.jpg,,,,,,,,
A420-064866-00,1,https://sigma.octopart.com/168062082/image/Guardian-Electric-A420-064866-00.jpg,,,,,,,,
A420-066092-00,2,https://sigma.octopart.com/37501714/image/Guardian-Electric-A420-066092-00.jpg,,,,,,,,
PH100MLI,1,https://sigma.octopart.com/10089882/image/Hammond-Power-Solutions-PH100MLI.jpg,109.0,0,1,Wolf Automation PH100MLI,Wolf Automation,PH100MLI,https://octopart.com/opatz8j6/a1?t=CiJHVj7p-nHQ8uXbpw69f5gzdVWApkNb7OqBnOfTwHIfBKCZwy1e2jGE1gqXrcfBBjWL_ZyOnB9SNyto-aoGGwr_ZEstWJfN-2yM_qbg1Ki0_icp0rXOummrGdnei9w0SlBn36C8wSMCIEiE7Q6Uz_LjByj9YoD7v_pry7A27liCr08aZi5e6kMTGs8Aoo4BbSrUTJhmyVnlT42Og2k1IB34u8SPQe00HCF30iCj12NAbY_z37s4fUwhZur8wtmsJAg3OvqxZLcyToi2KFdwPLaTzmHLwg,109.0
PH500MGJ,1,https://sigma.octopart.com/122562300/image/Hammond-Power-Solutions-PH500MGJ.jpg,255.0,0,1,Wolf Automation PH500MGJ,Wolf Automation,PH500MGJ,https://octopart.com/opatz8j6/a1?t=j4hJZoWlIacBr1bLf6pX-kXHYM6OlhRnzSZ4PAHUNxTr3NngVeu7DLkoH6Tk70wEFG1gKWKhy5Yhu4pQSa6sZGjhLPV7V_v0hUngkdrLAobPhhhUK-QSqTC21h5ZpoAvQeq4llODpYSpKq6sdFH4_uCDi_IW6Pc1c1l25trvutpAPGguHa1Kmv5oh0owPgaAjoNfZp97h8Wn8WQ2NtkKmvhIjz37IH6CluxULiYZ0VnUlPHtZfk8LOFak5PnIc7LsyKpydbQd-XElLApFtNurlCk8cNuOg,255.0
PH50MQMJ,1,https://sigma.octopart.com/116812341/image/Hammond-Power-Solutions-PH50MQMJ.jpg,73.8,2,1,Wolf Automation PH50MQMJ,Wolf Automation,PH50MQMJ,https://octopart.com/opatz8j6/a1?t=yWkimj5wPRgTACtOSt3g4EpMrpiEz61ARruQ96DdvOOMjOfnTUjRXJBgu5SPSfJLE7qMaynmExBkkhsJhYlhv187VLHLH6X_mAs5ks5_R3nlDD9NojsVRJ5hb73jf1GviyvfClle06wsGs83LgZ0RoEUXyWf4KZgQG0nZl7yAspPYwu_P6isAPCblJ2RAMZCwoc2osoGCjdR-PzKN-JmQDaN_28smAiWF5j6ajNVkm1aFfwQUnKGzMcghd3D31jJebYfkQm6eXP3A0ZLdez2LMT2AlB1gQ,73.8
PH250MEMX,1,https://sigma.octopart.com/10072074/image/Hammond-Power-Solutions-PH250MEMX.jpg,194.0,0,1,Wolf Automation PH250MEMX,Wolf Automation,PH250MEMX,https://octopart.com/opatz8j6/a1?t=mbJtlSDXrbjVjQVJjKbsaH4D8csbL9xpSJ49MAHZ47MOJSp2RvPkjv3kDo4xmzKm_lYgCeh-V4xosjrqRT60asUPGy2HoW9HxhfCohKcmQE8MWb0KaL3Qa42Y37-KEB-PB2doGMlN7d5qWEo4eMk5HnLeC5KlFjFHlejwq4UioGw_sML0CgTLEUKbd0XwBRHl50oliJBTdxdwbhYCDiJXzEd80eTeWMV8iA7RSVeoE62TlK-3VLbf6LeUUrrCWWsK9JsQTrKexePpJT4PxRdZfByinX-pw,194.0
C1F002XES,1,https://sigma.octopart.com/37504263/image/Hammond-Power-Solutions-C1F002XES.jpg,473.79,0,1,Wolf Automation C1F002XES,Wolf Automation,C1F002XES,https://octopart.com/opatz8j6/a1?t=goLZUmqfj6kJCXKE8y4vinVnXIQQ4agz_Ola1bcxN4iVwy4LmBqxdvlnpKxwe5mzpksuvMZezwmkrOq5a70r67Rba2HbGfbuHt0hhcPvAJiBfxu4uGPSNCCzQeK8Ap2ExgNDfN7NcVlTbYGIL9BM9ZfQm0QX1fbKAosQiYiznhJDzWOc1kQUM6a1z4vLPYoHgGwgyYDLT145b_KHzB5biGQ7thRnjn6ZKI5-MTb_Xwd8xfaxrZA9cQXUwCXUicKTj-y03TVCzq6HJBsusS8QLgM654QIGQ,473.79
PH150MLI,1,https://sigma.octopart.com/10109539/image/Hammond-Power-Solutions-PH150MLI.jpg,135.0,0,1,Wolf Automation PH150MLI,Wolf Automation,PH150MLI,https://octopart.com/opatz8j6/a1?t=w2Hldk9Obf1hJnN2uLqabVtQnWzi5GX5ozH0H5r3sWY_mcLoWLRNPsG-0_qosXiGKJ0yNyzkrwRfMQCWA2OGmOSQpNgM31N68vPOTgfXOiEkPYo-6CPmbg-oMKa9ymh7wg5UKQy7_rWXPTbuhgKXcTqA-f04w8gp3gunXfjmnm7GMk0H07KWE2oLvZit9FhepyKoFjNfHAEqc8ZeTiMBAUyG-h6_vUSkgTDBbpJ3Sw2LJoxOSsEjP-gj83QhNh2Ipvy9F-KaADjgaMPDoimwl5cGcL-Gug,135.0
C1F1C5WES,1,https://sigma.octopart.com/37504277/image/Hammond-Power-Solutions-C1F1C5WES.jpg,390.27,1,1,Wolf Automation C1F1C5WES,Wolf Automation,C1F1C5WES,https://octopart.com/opatz8j6/a1?t=s14DfI1iSzW5Q0Mew5VlW_k4cvK_GgRBnpp_C-mXs6FcgDLPxiGVcoSj7pSvnUgy_uWA5VD2yh1VKD_leZxhgcG2tuswTfSxumhpgDHu6k0ui7khIbZZFw2P8dzJz0uOh5vEKDh4Ko82cqENqeskDGJtMV7ZDm7L0bIC9B9jpPR9E5mB6m0x1XwYNTzyIqarfN7Xm97v8xL9gB7CRwVY2jaSoTcy7UX3XHWMAqhkOBo_yCHtvzSQRXQJdPg-AmLlOKel2is5-6ih5_nuEZRvX07AETmPnw,390.27
PH75PG-FK,1,https://sigma.octopart.com/10091675/image/Hammond-Power-Solutions-PH75PG-FK.jpg,97.61,0,1,Wolf Automation PH75PG-FK,Wolf Automation,PH75PG-FK,https://octopart.com/opatz8j6/a1?t=xWKP7DdjupW8W4UaZMEHn5XB07mQBCwiw_e2_fZ1Jg-OfYG6e29ozM3fnqF1RmPiCZWHaAxS5GYHQnPqNPhHFHERrVTA9Xw0maYHkdctd6wIiRjANl9r7K8NA1R0S_Db1_QqdKv-R3x26goq-IXl0RBAmTihEaHFpQVGdDEG5WklY3pptehkT3RJ8l4oE2leVwY2tfOv-kZzfX8bRMx2w4inh-Wp1V6OlK7Odk0oxtTyivpoXAwHxFlEHp_WbsNXdP2uWidglyli0iGIM4VDYh9Ex8vDAQ,97.61
PH250MLI,1,https://sigma.octopart.com/10109539/image/Hammond-Power-Solutions-PH250MLI.jpg,181.0,0,1,Wolf Automation PH250MLI,Wolf Automation,PH250MLI,https://octopart.com/opatz8j6/a1?t=Y-9Mfzc4Xq7dwtnsolwcbMG8vTZXmE-otgwjh56wqDzw1lCmI2lTgMZfVx7cO47x9Jh0z6bEClbqcJE6J4rsWdpx0KoNlZwiitLd-p2qU9KOSN76rcJC0tYhd8d39ANYVcc9ZbMBV8f7G-tt5-W_WP4ZDIBKuY34v7GQ_ihXtefy2OlkDTCz10Fo-rjEgWmgcBl5PQlQG0tkvx5W6svMLAy2hGbXUdU8H2sIQLSKEEI5YCe6AFw9LwMymcu_04JEoKM99lVko3I4gpseN58q-VLyoF8_Ag,181.0
PH50MLI,1,https://sigma.octopart.com/10089882/image/Hammond-Power-Solutions-PH50MLI.jpg,83.7,1,1,Wolf Automation PH50MLI,Wolf Automation,PH50MLI,https://octopart.com/opatz8j6/a1?t=WenRzMMM0TBD7_6YZ1QUGCWOXt-mJ9wWxypimz9f1b61FVW_TaTIWZ7Azm3DmuX_JjWrqBnj1ANaZh_BqlTnF_dynrLp8mfEB4TpO657fwvgebnqfQMugqepIxsTsCOqZBFPtKFRMDhcOG09AHU0V_DsycxCAizbdUgbuovZ9NDGTYG9uLok2VVq932i37zyO0AOoMZS9bru6XTUhrSoaRx0ST_7NhgV4BT0tfTn9yvNHxjKvb1AQJwVnUfbFdGl26qu_CKjCaAnUPzXMTdPhFT6eAy0Eg,83.7
PH250PG,1,https://sigma.octopart.com/122562160/image/Hammond-Power-Solutions-PH250PG.jpg,164.0,0,1,Wolf Automation PH250PG,Wolf Automation,PH250PG,https://octopart.com/opatz8j6/a1?t=gIBODJRf7uLKhsAQtrHaWVUJJv6SeDYQBV6O6lGrGPniyKXlEDYnrUziQP1maFB6OBw6M5zFddacjhmDYOGrPWXPDVacWaLqeEeYVlb67fM4UYsSvUVAa2-_lcEayPAfg48qMcriImq8EdYW2nSkr-_k6UWO8wTOxeZfFEyAaUGKo_ZTWL7nEz9oDO2HdXNL3zbbiYqsvTvx-p2GeUrPcTQPmRxHoRqAYRYQeHu_Zi0Gxud0njFf8WN_f1QmYMxEPh3BnfGGe_F1yP07Y0xmTFmhftQO,164.0
PH350PG,1,https://sigma.octopart.com/10072074/image/Hammond-Power-Solutions-PH350PG.jpg,191.0,0,1,Wolf Automation PH350PG,Wolf Automation,PH350PG,https://octopart.com/opatz8j6/a1?t=6QbT7NjREekmkXcId3bHMGiCwplO9-6ovfOtPA_8ooJjD193obCJSL1R5oxeEmEPot9_F_nvs-UI15Ulcb7nK0NABAmg1dbL98_aOiwYn_MB8Mk6cFH2kwuX9YkPEBv2Uf2cpcldYjc9PCRSB4ZW92MiTYi3UUeYU0CE6yG1C4JYtrjHSeBSQRUJURPF46UHGLUNppN7Pk75NPvFg-qgIBHYmV6T21x-hasZYn_KCng8Jrw5d6-yBbtML_865H1WW-WDFJ69gl7IQdw1ddbm4g5Wi_83,191.0
C1F005LES,1,https://sigma.octopart.com/37504267/image/Hammond-Power-Solutions-C1F005LES.jpg,714.7,0,1,Wolf Automation C1F005LES,Wolf Automation,C1F005LES,https://octopart.com/opatz8j6/a1?t=vwwqV6AqfvrrITZ7fcKaL65wcFhAjwiixUoJhN5LOs9Xk94ZLdrPjkaZOWN3S7n63oGCGQV1q9ItHFMCK-U9PsjAQxMsrLIySMw7GSjVkneUuMS-TYgMa3q6NudlaADgSMZF1aQH_0iNfRVMDYiSRq5NRbiDJAk42NLvsYFhWgJL_vXJoYZhRPKWYkUUy1TiD90Kv9x0AUVeuhPewy6hE8cNbjINiKjyD0zw12IaX044Fx2-GIt_zGimRQ6KmNQHMfGi36OdFIQTtCkEUvHOE0bgZc_s,714.7
PH250MQMJ-FK,1,https://sigma.octopart.com/37504384/image/Hammond-Power-Solutions-PH250MQMJ-FK.jpg,171.0,0,1,Wolf Automation PH250MQMJ-FK,Wolf Automation,PH250MQMJ-FK,https://octopart.com/opatz8j6/a1?t=TVPJ4RXPtJ_1VdAMO6YmwZsB2G8XZA5oiEbrDx-AZATKYvaTCIHbQsoDUAVvTnRHCpmFogws3LeOXa9UJ4amPrkBCe1I4sTHoyMwQVI26x5oqclIMsJbEIVAu-2uJ5XgpjYWKjY-9mqSa59W6dwiD5UBtfcJ4hjwVbR5dw_ie0HddfLpsDq6x9UHZ1_36P_MZXziF0u1CM_p-AoSg8Z0kSnG5myxwxQKWO_rGWtsKzeLm-SMO46PqzI8fH0-96z6N5BHUUPV4GWeqfLLgsgN5pxKwQ9s7Q,171.0
166MS,1,https://sigma.octopart.com/153474356/image/Hammond-166MS.jpg,,,,,,,,
166L14,1,https://sigma.octopart.com/177971/image/Hammond-166L14.jpg,,,,,,,,
166M25,1,https://sigma.octopart.com/153474356/image/Hammond-166M25.jpg,,,,,,,,
ELST 512 PG9,1,https://sigma.octopart.com/66622394/image/Hirschmann-ELST-512-PG-9.jpg,,,,,,,,
192922-1450,2,https://sigma.octopart.com/146055554/image/ITT---Cannon-192922-1450.jpg,,,,,,,,
MS3106F16S-1S,1,https://sigma.octopart.com/117738010/image/ITT---Cannon-MS3106F16S-1S.jpg,,,,,,,,
MS3106F14S-5S,1,https://sigma.octopart.com/151950152/image/ITT---Cannon-MS3106F14S-5S.jpg,,,,,,,,
TNM6S14-0304P1L,1,https://sigma.octopart.com/141348309/image/ITT---Cannon-192993-0695.jpg,,,,,,,,
72-6706,1,https://sigma.octopart.com/10072267/image/Tenma-72-6706.jpg,,,,,,,,
MDM-15PH003B,1,https://sigma.octopart.com/67621514/image/ITT-MDM-15PH003B.jpg,,,,,,,,
121073-0153,1,https://sigma.octopart.com/66415684/image/ITT---Cannon-121073-0153.jpg,,,,,,,,
TN0S16-0019S1L,1,https://sigma.octopart.com/122795296/image/ITT---Cannon-TN0S16-0019S1L.jpg,,,,,,,,
192900-0016,1,https://sigma.octopart.com/139879411/image/ITT---Cannon-192900-0016.jpg,,,,,,,,
174419-029,1,https://sigma.octopart.com/122837869/image/Johnson-Electric-174419-029.jpg,,,,,,,,
195203-234,2,https://sigma.octopart.com/136950050/image/Johnson-Electric-195203-234.jpg,,,,,,,,
123421-033,1,https://sigma.octopart.com/146099384/image/Johnson-Electric-123421-033.jpg,,,,,,,,
3001-M-1,1,https://sigma.octopart.com/30166756/image/SAIA-3001-M-1.jpg,,,,,,,,
123421-036,1,https://sigma.octopart.com/146099384/image/Johnson-Electric-123421-036.jpg,,,,,,,,
CM-8,1,https://sigma.octopart.com/164018187/image/Jonard-CM-8.jpg,,,,,,,,
PR100379,1,https://sigma.octopart.com/179002913/image/KUNBUS-PR100379.jpg,,,,,,,,
PR100368,1,https://sigma.octopart.com/166507126/image/KUNBUS-PR100368.jpg,,,,,,,,
PR100250,1,https://sigma.octopart.com/158233437/image/KUNBUS-PR100250.jpg,,,,,,,,
PR100362,1,https://sigma.octopart.com/164499824/image/KUNBUS-PR100362.jpg,,,,,,,,
PR100376,1,https://sigma.octopart.com/179002912/image/KUNBUS-PR100376.jpg,,,,,,,,
PR100378,1,https://sigma.octopart.com/179002912/image/KUNBUS-PR100378.jpg,,,,,,,,
TRG610-T6T-2M,1,https://sigma.octopart.com/157586593/image/L-Com-TRG610-T6T-2M.jpg,,,,,,,,
PRK18B.T2/4P-M12,1,https://sigma.octopart.com/151681657/image/Leuze-PRK18B.T2-4P-M12.jpg,,,,,,,,
HT46CI/4P-M12,1,https://sigma.octopart.com/138704805/image/Leuze-HT46CI-4P-M12.jpg,,,,,,,,
EVR30-R25,1,,,,,,,,,
5915PC-12T-B30-S00,1,https://sigma.octopart.com/8501608/image/NMB-5915PC-12T-B30-S00.jpg,,,,,,,,
02510SS-05P-AT-00,1,https://sigma.octopart.com/67697770/image/NMB-02510SS-05P-AT-00.jpg,,,,,,,,
2410ML-05W-B30-E00,1,https://sigma.octopart.com/8460008/image/NMB-2410ML-05W-B30-E00.jpg,,,,,,,,
08015JE-12M-BA-F0,1,https://sigma.octopart.com/85846097/image/NMB-08015JE-12M-BA-F0.jpg,,,,,,,,
3610VL-05W-B79-B50,1,https://sigma.octopart.com/10104645/image/NMB-3610VL-05W-B79-B50.jpg,,,,,,,,
03010SS-12N-AT-00,1,https://sigma.octopart.com/67835441/image/NMB-03010SS-12N-AT-00.jpg,,,,,,,,
1608VL-05W-B69-B50,1,https://sigma.octopart.com/21425382/image/NMB-1608VL-05W-B69-B50.jpg,,,,,,,,
4715KL-05W-B39-E00,1,https://sigma.octopart.com/21425400/image/NMB-4715KL-05W-B39-E00.jpg,,,,,,,,
08025SA-24N-EA-D0,1,https://sigma.octopart.com/81629140/image/NMB-08025SA-24N-EA-D0.jpg,,,,,,,,
08028GS-12N-AA-00,1,https://sigma.octopart.com/85846100/image/NMB-08028GS-12N-AA-00.jpg,,,,,,,,
5915PC-12T-B30-AM0,1,https://sigma.octopart.com/10096920/image/NMB-5915PC-12T-B30-AM0.jpg,,,,,,,,
4715MS-12T-B50-A00,2,https://sigma.octopart.com/21441734/image/NMB-4715MS-12T-B50-A00.jpg,,,,,,,,
06015KA-24N-AT-00,1,https://sigma.octopart.com/149707496/image/NMB-06015KA-24N-AT-00.jpg,,,,,,,,
09225VA-12N-AA-00,1,https://sigma.octopart.com/130144003/image/NMB-09225VA-12N-AA-00.jpg,,,,,,,,
4715FS-12T-B30-D00,1,https://sigma.octopart.com/10052768/image/NMB-4715FS-12T-B30-D00.jpg,,,,,,,,
15038PB-A1J-EA-00,1,https://sigma.octopart.com/10078341/image/NMB-15038PB-A1J-EA-00.jpg,,,,,,,,
3610VL-04W-B50-B00,1,https://sigma.octopart.com/148238237/image/NMB-3610VL-04W-B50-B00.jpg,,,,,,,,
4710KL-05W-B59-E00,1,https://sigma.octopart.com/27236330/image/NMB-4710KL-05W-B59-E00.jpg,,,,,,,,
03010SS-05N-AT-00,1,https://sigma.octopart.com/67835441/image/NMB-03010SS-05N-AT-00.jpg,,,,,,,,
3612KL-05W-B49-E50,1,https://sigma.octopart.com/130144005/image/NMB-3612KL-05W-B49-E50.jpg,,,,,,,,
PAN14EE12AA1,1,,,,,,,,,
4715KL-04W-B30-E00,1,https://sigma.octopart.com/21563202/image/NMB-4715KL-04W-B30-E00.jpg,,,,,,,,
08025SA-12P-EA-D0,1,https://sigma.octopart.com/130143975/image/NMB-08025SA-12P-EA-D0.jpg,,,,,,,,
2004KL-01W-B59-B00,1,https://sigma.octopart.com/130143743/image/NMB-2004KL-01W-B59-B00.jpg,,,,,,,,
08025SS-12N-AT-D0,1,https://sigma.octopart.com/85846099/image/NMB-08025SS-12N-AT-D0.jpg,,,,,,,,
09225SA-12M-AA-D0,1,https://sigma.octopart.com/130143982/image/NMB-09225SA-12M-AA-D0.jpg,,,,,,,,
08025SA-24R-EA-D0,1,https://sigma.octopart.com/130143975/image/NMB-08025SA-24R-EA-D0.jpg,,,,,,,,
11938MB-B3L-EA-00,1,https://sigma.octopart.com/173147/image/NMB-11938MBB3LEA00.jpg,,,,,,,,
04020VA-24Q-CA-00,1,https://sigma.octopart.com/67697773/image/NMB-04020VA-24Q-CA-00.jpg,,,,,,,,
R200A0-051-D0760,1,https://sigma.octopart.com/47339281/image/NMB-R200A0-051-D0760.jpg,,,,,,,,
08025DA-12N-EU-02,1,https://sigma.octopart.com/149882029/image/NMB-08025DA-12N-EU-02.jpg,,,,,,,,
08020SA-12L-EA-00,1,,,,,,,,,
4712KL-05W-B20-P00,1,https://sigma.octopart.com/149708046/image/NMB-4712KL-05W-B20-P00.jpg,,,,,,,,
3610PS-12W-B30-A00,1,https://sigma.octopart.com/130145830/image/NMB-3610PS-12W-B30-A00.jpg,,,,,,,,
11938MB-B3N-EP-00,1,https://sigma.octopart.com/168935539/image/NMB-11938MB-B3N-EP-00.jpg,,,,,,,,
3612KL-05W-B30-E00,1,https://sigma.octopart.com/180889/image/NMB-3612KL-05W-B30-E00.jpg,,,,,,,,
3612KL-05W-B60-B00,1,https://sigma.octopart.com/130144005/image/NMB-3612KL-05W-B60-B00.jpg,,,,,,,,
BG0703-B044-000-00,1,https://sigma.octopart.com/27236334/image/NMB-BG0703-B044-000-00.jpg,,,,,,,,
BG1203-B045-00S-00,1,https://sigma.octopart.com/130146143/image/NMB-BG1203-B04500S-00.jpg,,,,,,,,
3115FS-12T-B10-A00,1,https://sigma.octopart.com/8451203/image/NMB-3115FS-12T-B10-A00.jpg,,,,,,,,
17250VE-24R-GT-00,1,https://sigma.octopart.com/165279151/image/NMB-17250VE-24R-GT-00.jpg,,,,,,,,
2004KL-04W-B50-B00,1,https://sigma.octopart.com/21563151/image/NMB-2004KL-04W-B50-B00.jpg,,,,,,,,
4715KL-05W-B10-E00,1,https://sigma.octopart.com/41287016/image/NMB-4715KL-05W-B10-E00.jpg,,,,,,,,
15050VE-48R-GT-00,1,https://sigma.octopart.com/165279117/image/NMB-15050VE-48R-GT-00.jpg,,,,,,,,
09225PB-A1L-EA-00,1,https://sigma.octopart.com/167685901/image/NMB-09225PB-A1L-EA-00.jpg,,,,,,,,
08025DA-12P-AA-00,1,https://sigma.octopart.com/137933426/image/NMB-08025DA-12P-AA-00.jpg,,,,,,,,
04010SS-12N-AT-00,1,https://sigma.octopart.com/67783126/image/NMB-04010SS-12N-AT-00.jpg,,,,,,,,
08038RA-24Q-GA-00,1,https://sigma.octopart.com/85846102/image/NMB-08038RA-24Q-GA-00.jpg,,,,,,,,
3610SB-04W-B40-E00,1,https://sigma.octopart.com/130145835/image/NMB-3610SB-04W-B40-E00.jpg,,,,,,,,
02510SS-12P-AT-00,1,https://sigma.octopart.com/67697770/image/NMB-02510SS-12P-AT-00.jpg,,,,,,,,
R200A4-051-D0550,1,https://sigma.octopart.com/130146596/image/NMB-R200A4-051-D0550.jpg,,,,,,,,
11938KA-12M-ET-00,1,https://sigma.octopart.com/149708049/image/NMB-11938KA-12M-ET-00.jpg,,,,,,,,
3115FS-23T-B30-A00,1,https://sigma.octopart.com/10065583/image/NMB-3115FS-23T-B30-A00.jpg,,,,,,,,
2410SB-04W-B40-B00,1,https://sigma.octopart.com/100448742/image/NMB-2410SB-04W-B40-B00.jpg,,,,,,,,
11938MB-B3K-EA-00,1,https://sigma.octopart.com/160157275/image/NMB-11938MB-B3K-EA-00.jpg,,,,,,,,
4715MS-22T-B50-B00,1,https://sigma.octopart.com/86810573/image/NMB-4715MS-22T-B50-B00.jpg,,,,,,,,
11925SA-12N-AL-00,1,https://sigma.octopart.com/130143975/image/NMB-11925SA-12N-AL-00.jpg,,,,,,,,
06015VA-24P-AT-00,1,https://sigma.octopart.com/67697776/image/NMB-06015VA-24P-AT-00.jpg,,,,,,,,
15047JA-12K-YA-00,1,https://sigma.octopart.com/85846125/image/NMB-15047JA-12K-YA-00.jpg,,,,,,,,
3610VL-05W-B70-B00,1,https://sigma.octopart.com/10104645/image/NMB-3610VL-05W-B70-B00.jpg,,,,,,,,
11938MB-A1K-EA-00,1,https://sigma.octopart.com/148238204/image/NMB-11938MB-A1K-EA-00.jpg,,,,,,,,
06025VG-24Q-ZT-A0,1,https://sigma.octopart.com/165278991/image/NMB-06025VG-24Q-ZT-A0.jpg,,,,,,,,
3610VL-05W-B30-B00,1,https://sigma.octopart.com/10104645/image/NMB-3610VL-05W-B30-B00.jpg,,,,,,,,
BG1203-B055-000-00,1,https://sigma.octopart.com/541662/image/NMB-BG1203-B055-000-00.jpg,,,,,,,,
17250VA-48R-GA-00,1,https://sigma.octopart.com/67697786/image/NMB-17250VA-48R-GA-00.jpg,,,,,,,,
11925PB-B3L-EA-00,1,https://sigma.octopart.com/21441729/image/NMB-11925PBB3LEA00.jpg,,,,,,,,
BG0702-B045-00L-00,1,https://sigma.octopart.com/73861933/image/NMB-BG0702-B045-00L-00.jpg,,,,,,,,
11938KA-12M-EA-00,1,https://sigma.octopart.com/149708049/image/NMB-11938KA-12M-EA-00.jpg,,,,,,,,
500-AH-5K,1,https://sigma.octopart.com/37513447/image/Linemaster-500-AH-5K.jpg,,,,,,,,
6224N/2,1,https://sigma.octopart.com/342382/image/EBM-Papst-6224N/2.jpg,,,,,,,,
2891064,1,https://sigma.octopart.com/59843300/image/Phoenix-Contact-2891064.jpg,,,,,,,,
3044128,50,https://sigma.octopart.com/23736082/image/Phoenix-Contact-UT-4-PE.jpg,,,,,,,,
4656N,1,https://sigma.octopart.com/41169812/image/EBM-Papst-4656-N.jpg,,,,,,,,
G2E140-AI28-01,1,https://sigma.octopart.com/348548/image/EBM-Papst-G2E140-AI28-01.jpg,,,,,,,,
4600Z,1,https://sigma.octopart.com/126083311/image/EBM-Papst-4600Z.jpg,,,,,,,,
2868567,1,https://sigma.octopart.com/13128702/image/Phoenix-Contact-2868567.jpg,,,,,,,,
M4Q045-DA05-01,1,https://sigma.octopart.com/17064264/image/EBM-Papst-M4Q045-DA05-01.jpg,,,,,,,,
55416.37070,1,https://sigma.octopart.com/342411/image/EBM-Papst-55416.37070.jpg,,,,,,,,
4530Z,1,https://sigma.octopart.com/27128309/image/EBM-Papst-4530Z.jpg,,,,,,,,
58529-1,1,https://sigma.octopart.com/66967148/image/TE-Connectivity-58529-1.png,,,,,,,,
D2E133-AM47-94,1,https://sigma.octopart.com/13788888/image/EBM-Papst-D2E133-AM47-94.jpg,,,,,,,,
2961257,1,https://sigma.octopart.com/13128702/image/Phoenix-Contact-2961257.jpg,,,,,,,,
LPCPA010,1,https://sigma.octopart.com/179240881/image/Lovato-LPCPA010.jpg,,,,,,,,
RKT 4-633/5M,1,https://sigma.octopart.com/168191823/image/Hirschmann-RKT-4-633-5M.jpg,,,,,,,,
PMC-48V150W1BA,1,https://sigma.octopart.com/148062995/image/Delta-PMC-48V150W1BA.jpg,,,,,,,,
MDS-400ADB24 AA,1,https://sigma.octopart.com/184373898/image/Delta-MDS-400ADB24AA.jpg,,,,,,,,
SWS600L-60,1,https://sigma.octopart.com/155405894/image/TDK-Lambda-SWS600L-60.png,,,,,,,,
0985 806 100/5M,1,https://sigma.octopart.com/21482492/image/Lumberg-0985-806-100-5M.jpg,,,,,,,,
0985 YM57530 103/1M,1,https://sigma.octopart.com/21482492/image/Lumberg-0985-YM57530-103-1M.jpg,,,,,,,,
RKT 5-612/5M,1,https://sigma.octopart.com/44506311/image/Lumberg-RKT-5-612-5M.jpg,,,,,,,,
RKMV 3-224/2 M,1,https://sigma.octopart.com/23730020/image/Lumberg-RKMV-3-224-2-M.jpg,,,,,,,,
RK 40-839/5M,1,https://sigma.octopart.com/21409191/image/Belden-RK-40-839-5M.jpg,,,,,,,,
RST 3-RKMV 3-224/5 M,1,https://sigma.octopart.com/152706905/image/Lumberg-RST-3-RKMV-3-224-5M.jpg,,,,,,,,
RK 40-839/10M,1,https://sigma.octopart.com/152706093/image/Lumberg-RK-40-839-10M.jpg,,,,,,,,
RSMF 3/0.5M,1,https://sigma.octopart.com/145700631/image/Lumberg-RSMF-3-0.5M.jpg,,,,,,,,
DMS-20PC-1-DCM-B-C,1,https://sigma.octopart.com/21378628/image/Murata-DMS-20PC-1-DCM-B-C.jpg,,,,,,,,
UWE-12/6-Q12P-C,1,https://sigma.octopart.com/27195213/image/Murata-Power-Solutions-UWE-12-6-Q12P-C.jpg,,,,,,,,
55416.27070,1,https://sigma.octopart.com/38073456/image/EBM-Papst-55416.27070.jpg,,,,,,,,
R4E310-AP11-12,1,https://sigma.octopart.com/29489702/image/EBM-Papst-R4E310-AP11-12.jpg,,,,,,,,
R4E310-AQ29-11,1,https://sigma.octopart.com/348739/image/EBM-Papst-R4E310-AQ29-11.jpg,,,,,,,,
DPP15-24,1,https://sigma.octopart.com/155402443/image/TDK-Lambda-DPP15-24.png,,,,,,,,
ZMS-100-36,1,https://sigma.octopart.com/155406750/image/TDK-Lambda-ZMS100-36.png,,,,,,,,
RSAN-2003,1,https://sigma.octopart.com/68314159/image/TDK-RSAN-2003.jpg,,,,,,,,
ZWS150BP24,1,https://sigma.octopart.com/155407708/image/TDK-Lambda-ZWS150BP-24.png,,,,,,,,
DPX60-24S12,1,https://sigma.octopart.com/155402448/image/TDK-Lambda-DPX60-24S12.png,,,,,,,,
LS35-5,1,https://sigma.octopart.com/155403344/image/TDK-Lambda-LS35-5.png,,,,,,,,
DTM165PW190C,1,https://sigma.octopart.com/155402482/image/TDK-Lambda-DTM165PW190C.png,,,,,,,,
HWS300-5,1,https://sigma.octopart.com/155402605/image/TDK-Lambda-HWS300-5.png,,,,,,,,
SWS600L-36,1,https://sigma.octopart.com/155405894/image/TDK-Lambda-SWS600L-36.png,,,,,,,,
RSEN-2010D,1,https://sigma.octopart.com/155405634/image/TDK-Lambda-RSEN-2010D.png,,,,,,,,
RSEL-2001AL,1,https://sigma.octopart.com/70511323/image/TDK-RSEL-2001AL.jpg,,,,,,,,
DTM300PW240D1,1,https://sigma.octopart.com/155402482/image/TDK-Lambda-DTM300PW240D1.png,,,,,,,,
LS200-5,1,https://sigma.octopart.com/34191944/image/TDK-Lambda-LS200-5.jpg,,,,,,,,
DRF120241/HL,1,https://sigma.octopart.com/163694348/image/TDK-Lambda-DRF120-24-1-HL.png,,,,,,,,
SWS600L-48,1,https://sigma.octopart.com/155405894/image/TDK-Lambda-SWS600L-48.png,,,,,,,,
HWS600-12,1,https://sigma.octopart.com/155402614/image/TDK-Lambda-HWS600-12.png,,,,,,,,
HWS1500-60,1,https://sigma.octopart.com/155402596/image/TDK-Lambda-HWS1500-60.png,,,,,,,,
RSAN-2006,1,https://sigma.octopart.com/68314159/image/TDK-Lambda-RSAN-2006.jpg,,,,,,,,
ZMS-100-12,1,https://sigma.octopart.com/155406750/image/TDK-Lambda-ZMS100-12.png,,,,,,,,
CC6-2412SF-E,1,https://sigma.octopart.com/155402339/image/TDK-Lambda-CC6-2412SF-E.png,,,,,,,,
HFE1600-24/S,1,https://sigma.octopart.com/155402561/image/TDK-Lambda-HFE1600-24-S.png,,,,,,,,
KMD40-1515,1,https://sigma.octopart.com/155403023/image/TDK-Lambda-KMD40-1515.png,,,,,,,,
DPP240-24-3,1,https://sigma.octopart.com/155402443/image/TDK-Lambda-DPP240-24-3.png,,,,,,,,
DRF480-24-1,1,https://sigma.octopart.com/163694368/image/TDK-Lambda-DRF480-24-1.png,,,,,,,,
DSP60-24,1,https://sigma.octopart.com/155402472/image/TDK-Lambda-DSP60-24.png,,,,,,,,
HWS300-48,1,https://sigma.octopart.com/155402605/image/TDK-Lambda-HWS300-48.png,,,,,,,,
DPP960-24-3,1,https://sigma.octopart.com/155402443/image/TDK-Lambda-DPP960-24-3.png,,,,,,,,
DT62PW120D,1,https://sigma.octopart.com/155402478/image/TDK-Lambda-DT62PW120D.png,,,,,,,,
LS75-15,1,https://sigma.octopart.com/155403344/image/TDK-Lambda-LS75-15.png,,,,,,,,
DT80PW280D,1,https://sigma.octopart.com/155402478/image/TDK-Lambda-DT80PW280D.png,,,,,,,,
LS25-15,1,https://sigma.octopart.com/155403344/image/TDK-Lambda-LS25-15.png,,,,,,,,
LS150-12,1,https://sigma.octopart.com/155403344/image/TDK-Lambda-LS150-12.png,,,,,,,,
HWS15A-5/A,1,https://sigma.octopart.com/155402600/image/TDK-Lambda-HWS15A-5-A.png,,,,,,,,
DSP30-24,1,https://sigma.octopart.com/155402472/image/TDK-Lambda-DSP30-24.png,,,,,,,,
DRB5051,1,https://sigma.octopart.com/163694347/image/TDK-Lambda-DRB50-5-1.png,,,,,,,,
DRB30241,1,https://sigma.octopart.com/163694333/image/TDK-Lambda-DRB30-24-1.png,,,,,,,,
RSEN-2030,1,https://sigma.octopart.com/68314164/image/TDK-Lambda-RSEN-2030.jpg,,,,,,,,
LCM-S01602DSF/F,1,https://sigma.octopart.com/135520249/image/Lumex-LCM-S01602DSF-F.jpg,,,,,,,,
LCM-S01601DTR,1,https://sigma.octopart.com/123049941/image/Lumex-LCM-S01601DTR.jpg,,,,,,,,
A3132004,1,https://sigma.octopart.com/169894867/image/Lutze-A3132004.jpg,,,,,,,,
AC3200JHU,1,https://sigma.octopart.com/141225345/image/EBM-Papst-AC3200JHU.jpg,,,,,,,,
W4E315-CS22-71,1,https://sigma.octopart.com/89644069/image/EBM-Papst-W4E315-CS22-71.jpg,,,,,,,,
2891444,1,https://sigma.octopart.com/146493686/image/Phoenix-Contact-2891444.jpg,,,,,,,,
TD-78122,1,https://sigma.octopart.com/183423/image/Macromatic-TD-78122.jpg,,,,,,,,
ARP120A2R,1,https://sigma.octopart.com/152709291/image/Macromatic-ARP120A2R.jpg,,,,,,,,
1032919,1,https://sigma.octopart.com/144956499/image/Phoenix-Contact-1032919.jpg,,,,,,,,
2961448,1,https://sigma.octopart.com/177417064/image/Phoenix-Contact-2961448.png,,,,,,,,
2833657,1,https://sigma.octopart.com/146490427/image/Phoenix-Contact-2833657.jpg,,,,,,,,
1205134,1,https://sigma.octopart.com/168988910/image/Phoenix-Contact-1205134.jpg,,,,,,,,
2903686,1,https://sigma.octopart.com/146499042/image/Phoenix-Contact-2903686.jpg,,,,,,,,
1414398,1,https://sigma.octopart.com/59815416/image/Phoenix-Contact-1414398.jpg,,,,,,,,
QG030-148/14,1,https://sigma.octopart.com/82519127/image/EBM-Papst-QG030-148-14.jpg,,,,,,,,
2908822,1,https://sigma.octopart.com/187092318/image/Phoenix-Contact-2908822.jpg,,,,,,,,
2966032,1,https://sigma.octopart.com/37531859/image/Phoenix-Contact-2966032.jpg,,,,,,,,
0803936,1,https://sigma.octopart.com/146525868/image/Phoenix-Contact-0803936.jpg,,,,,,,,
1405737,1,https://sigma.octopart.com/59812774/image/Phoenix-Contact-1405737.jpg,,,,,,,,
SC628A,1,https://sigma.octopart.com/37515037/image/Mallory-Sonalert-SC628A.jpg,,,,,,,,
SC628H,1,https://sigma.octopart.com/24573304/image/Mallory-SC628H.jpg,,,,,,,,
SC628NDP,1,https://sigma.octopart.com/41280250/image/Mallory-Sonalert-SC628NDP.jpg,,,,,,,,
SCE016XD3CTB,1,https://sigma.octopart.com/37515060/image/Mallory-Sonalert-SCE016XD3CTB.jpg,,,,,,,,
SC648APR,1,https://sigma.octopart.com/10082163/image/Mallory-SC648APR.jpg,,,,,,,,
SC628JU-1,1,https://sigma.octopart.com/21410316/image/Mallory-SC628JU-1.jpg,,,,,,,,
SC628AJR,1,https://sigma.octopart.com/123051589/image/Mallory-Sonalert-SC628AJR.jpg,,,,,,,,
ZA016LDMP1,1,https://sigma.octopart.com/123051646/image/Mallory-Sonalert-ZA016LDMP1.jpg,,,,,,,,
SC648ANR,1,https://sigma.octopart.com/41280250/image/Mallory-Sonalert-SC648ANR.jpg,,,,,,,,
ZT028LDCTY,1,https://sigma.octopart.com/102864059/image/Mallory-Sonalert-ZT028LDCTY.jpg,,,,,,,,
2861580,1,https://sigma.octopart.com/176646034/image/Phoenix-Contact-2861580.jpg,,,,,,,,
2700499,1,https://sigma.octopart.com/177385523/image/Phoenix-Contact-2700499.png,,,,,,,,
2907865,1,https://sigma.octopart.com/140894879/image/Phoenix-Contact-2907865.jpg,,,,,,,,
2814728,1,https://sigma.octopart.com/146490405/image/Phoenix-Contact-2814728.jpg,,,,,,,,
1274117,1,https://sigma.octopart.com/135613893/image/Phoenix-Contact-1274117.jpg,,,,,,,,
W4E420-CP03-70,1,https://sigma.octopart.com/348588/image/EBM-Papst-W4E420-CP03-70.jpg,,,,,,,,
RER160-28/06S,1,https://sigma.octopart.com/105821962/image/EBM-Papst-RER160-28-06S.jpg,,,,,,,,
2966618,1,https://sigma.octopart.com/13128702/image/Phoenix-Contact-2966618.jpg,,,,,,,,
1682304,1,https://sigma.octopart.com/150791287/image/Phoenix-Contact-1682304.jpg,,,,,,,,
G2E120-AR77-01,1,https://sigma.octopart.com/147264795/image/EBM-Papst-G2E120-AR77-01.jpg,,,,,,,,
3414NMU-603,1,https://sigma.octopart.com/49879653/image/EBM-Papst-3414NMU-603.jpg,,,,,,,,
1407363,1,https://sigma.octopart.com/168515176/image/Phoenix-Contact-1407363.jpg,,,,,,,,
1454448,1,https://sigma.octopart.com/123739191/image/Phoenix-Contact-1454448.jpg,,,,,,,,
2866666,1,https://sigma.octopart.com/170602788/image/Phoenix-Contact-2866666.jpg,,,,,,,,
W2E143-AB15-06,1,https://sigma.octopart.com/24999198/image/EBM-Papst-W2E143-AB15-06.jpg,,,,,,,,
0819521,1,https://sigma.octopart.com/44102426/image/Phoenix-Contact-0819521.jpg,,,,,,,,
2904605,1,https://sigma.octopart.com/138686631/image/Phoenix-Contact-2904605.jpg,,,,,,,,
W4E350-DA20-52,1,https://sigma.octopart.com/126090022/image/EBM-Papst-W4E350-DA20-52.jpg,,,,,,,,
2702532,1,https://sigma.octopart.com/168521658/image/Phoenix-Contact-2702532.jpg,,,,,,,,
D2E097-BK80-02,1,https://sigma.octopart.com/149469086/image/EBM-Papst-D2E097-BK80-02.jpg,,,,,,,,
2315201,1,https://sigma.octopart.com/59838122/image/Phoenix-Contact-2315201.jpg,,,,,,,,
RG190-39/14/2TDMO-221,1,https://sigma.octopart.com/186139691/image/EBM-Papst-RG190-39-14-2TDMO-221.jpg,,,,,,,,
628HH,1,https://sigma.octopart.com/160439286/image/EBM-Papst-628HH.jpg,,,,,,,,
2903001,1,https://sigma.octopart.com/146496797/image/Phoenix-Contact-2903001.jpg,,,,,,,,
6224NMU,1,https://sigma.octopart.com/126084852/image/EBM-Papst-6224NMU.jpg,,,,,,,,
2891453,1,https://sigma.octopart.com/13128702/image/Phoenix-Contact-2891453.jpg,,,,,,,,
D4D225-CC01-23,1,https://sigma.octopart.com/126086636/image/EBM-Papst-D4D225-CC01-23.jpg,,,,,,,,
5314/2TDHP,1,https://sigma.octopart.com/126084034/image/EBM-Papst-5314-2TDHP.jpg,,,,,,,,
2865654,1,https://sigma.octopart.com/37531453/image/Phoenix-Contact-2865654.jpg,,,,,,,,
W1G180-AB57-30,1,https://sigma.octopart.com/136499252/image/EBM-Papst-W1G180-AB57-30.jpg,,,,,,,,
M4Q045-CA01-01,1,https://sigma.octopart.com/17064264/image/EBM-Papst-M4Q045-CA01-01.jpg,,,,,,,,
0817222,1,https://sigma.octopart.com/111598790/image/Phoenix-Contact-0817222.jpg,,,,,,,,
5604058,1,https://sigma.octopart.com/32960462/image/Phoenix-Contact-5604058.jpg,,,,,,,,
5542712,1,https://sigma.octopart.com/168540490/image/Phoenix-Contact-5542712.jpg,,,,,,,,
A4E330-AB18-09,1,https://sigma.octopart.com/140566405/image/EBM-Papst-A4E330-AB18-09.jpg,,,,,,,,
M2E052-BF88-59,1,https://sigma.octopart.com/137117534/image/EBM-Papst-M2E052-BF88-59.jpg,,,,,,,,
1435014,1,https://sigma.octopart.com/165298133/image/Phoenix-Contact-1435014.jpg,,,,,,,,
RER175-42/14/2TDMLPU,1,https://sigma.octopart.com/149470397/image/EBM-Papst-RER175-42-14-2TDMLPU.jpg,,,,,,,,
1344363,1,https://sigma.octopart.com/187849900/image/Phoenix-Contact-1344363.jpg,,,,,,,,
QG030-198/14,1,https://sigma.octopart.com/348909/image/EBM-Papst-QG030-198/14.jpg,,,,,,,,
W1G130-AA25-01,1,https://sigma.octopart.com/147265788/image/EBM-Papst-W1G130-AA25-01.jpg,,,,,,,,
2907913,1,https://sigma.octopart.com/146502867/image/Phoenix-Contact-2907913.jpg,,,,,,,,
2902035,1,https://sigma.octopart.com/129151270/image/Phoenix-Contact-2902035.jpg,,,,,,,,
W2S130-AB25-24,1,https://sigma.octopart.com/21513886/image/EBM-Papst-W2S130-AB25-24.jpg,,,,,,,,
2891316,1,https://sigma.octopart.com/168523939/image/Phoenix-Contact-2891316.jpg,,,,,,,,
A2S130-AB03-11,1,https://sigma.octopart.com/147264099/image/EBM-Papst-A2S130-AB03-11.jpg,,,,,,,,
W1G200-HH01-52,1,https://sigma.octopart.com/38079425/image/EBM-Papst-W1G200-HH01-52.jpg,,,,,,,,
1543223,1,https://sigma.octopart.com/146474358/image/Phoenix-Contact-1543223.jpg,,,,,,,,
2901995,1,https://sigma.octopart.com/126111164/image/Phoenix-Contact-2901995.jpg,,,,,,,,
4650Z-876,1,https://sigma.octopart.com/126083651/image/EBM-Papst-4650Z-876.jpg,,,,,,,,
2866682,1,https://sigma.octopart.com/146491980/image/Phoenix-Contact-2866682.jpg,,,,,,,,
A4E330-AP18-01,1,https://sigma.octopart.com/142664312/image/EBM-Papst-A4E330-AP18-01.jpg,,,,,,,,
2950048,1,https://sigma.octopart.com/155630151/image/Phoenix-Contact-2950048.jpg,,,,,,,,
2903155,1,https://sigma.octopart.com/146497038/image/Phoenix-Contact-2903155.jpg,,,,,,,,
1234301,1,https://sigma.octopart.com/178043501/image/Phoenix-Contact-1234301.jpg,,,,,,,,
2167-4-7320,1,https://sigma.octopart.com/149632106/image/EBM-Papst-2167-4-7320.jpg,,,,,,,,
2949240,1,https://sigma.octopart.com/176499919/image/Phoenix-Contact-2949240.jpg,,,,,,,,
1414586,1,https://sigma.octopart.com/168516070/image/Phoenix-Contact-1414586.jpg,,,,,,,,
2856689,1,https://sigma.octopart.com/147420476/image/Phoenix-Contact-2856689.jpg,,,,,,,,
1088495,1,https://sigma.octopart.com/183035891/image/Phoenix-Contact-1088495.jpg,,,,,,,,
DP1-RJ45-16LS,1,https://sigma.octopart.com/166260019/image/Mencom-DP1-RJ45-16LS.jpg,,,,,,,,
PTC-04,1,https://sigma.octopart.com/128589101/image/Melexis-PTC-04.jpg,,,,,,,,
EVB90621,1,https://sigma.octopart.com/148190465/image/Melexis-EVB90621.jpg,,,,,,,,
PTC-04-DB-CALIB,1,https://sigma.octopart.com/148190541/image/Melexis-PTC-04-DB-CALIB.jpg,,,,,,,,
ME430C7W,1,https://sigma.octopart.com/175780461/image/Mennekes-ME430C7W.jpg,,,,,,,,
15038PB-B0L-EP-00,1,https://sigma.octopart.com/10096920/image/NMB-15038PB-B0L-EP-00.jpg,,,,,,,,
UX12AC23-BTHR-7,2,https://sigma.octopart.com/136952609/image/Mechatronics-UX12AC23-BTHR-7.jpg,,,,,,,,
84134120,1,https://sigma.octopart.com/186757/image/Crydom-84134120..jpg,,,,,,,,
04020VA-24N-AL-00,1,https://sigma.octopart.com/21425379/image/NMB-04020VA-24N-AL-00.jpg,,,,,,,,
PFR1212DHE-SP00,1,https://sigma.octopart.com/178454716/image/Delta-PFR1212DHE-SP00.jpg,,,,,,,,
3115FS-23W-B30-A00,1,https://sigma.octopart.com/10065583/image/NMB-3115FS-23W-B30-A00.jpg,,,,,,,,
97-3106A-28-12P,1,https://sigma.octopart.com/41233729/image/Amphenol-Industrial-97-3106A-28-12P.jpg,,,,,,,,
9A0924S401,1,https://sigma.octopart.com/149818260/image/Sanyo-Denki-9A0924S401.jpg,,,,,,,,
WT28L,1,https://sigma.octopart.com/29963871/image/NKK-Switches-WT28L.jpg,,,,,,,,
MIKROE-764,1,https://sigma.octopart.com/21414524/image/mikroElektronika-MIKROE-764.jpg,,,,,,,,
MIKROE-1304,1,https://sigma.octopart.com/37517187/image/mikroElektronika-MIKROE-1304.jpg,,,,,,,,
HA40101V4-1000U-A99,1,https://sigma.octopart.com/106579734/image/Sunon-Fans-HA40101V4-1000U-A99.jpg,,,,,,,,
LS7548,1,https://sigma.octopart.com/155403344/image/TDK-Lambda-LS75-48.png,,,,,,,,
PCD-16-700A,1,https://sigma.octopart.com/10308373/image/Mean-Well-PCD-16-700-A.png,,,,,,,,
MIKROE-495,1,https://sigma.octopart.com/182712006/image/mikroElektronika-MIKROE-495.png,,,,,,,,
MF60252V3-1000U-A99,1,https://sigma.octopart.com/98302303/image/Sunon-Fans-MF60252V3-1000U-A99.jpg,,,,,,,,
MIKROE-989,1,https://sigma.octopart.com/37517307/image/mikroElektronika-MIKROE-989.jpg,,,,,,,,
MIKROE-1717,1,https://sigma.octopart.com/67756542/image/mikroElektronika-MIKROE-1717.jpg,,,,,,,,
MIKROE-1885,1,https://sigma.octopart.com/148208048/image/mikroElektronika-MIKROE-1885.jpg,,,,,,,,
MIKROE-1878,1,https://sigma.octopart.com/146271475/image/mikroElektronika-MIKROE-1878.jpg,,,,,,,,
MIKROE-971,1,https://sigma.octopart.com/146276926/image/mikroElektronika-MIKROE-971.jpg,,,,,,,,
MIKROE-1850,1,https://sigma.octopart.com/148208005/image/mikroElektronika-MIKROE-1850.jpg,,,,,,,,
MIKROE-1197,1,https://sigma.octopart.com/37517177/image/mikroElektronika-MIKROE-1197.jpg,,,,,,,,
EDS-205,1,https://sigma.octopart.com/24577954/image/Moxa-EDS-205.jpg,,,,,,,,
MINI DB9F-TO-TB,1,https://sigma.octopart.com/24570968/image/Moxa-MINI-DB9F-TO-TB.jpg,,,,,,,,
EDS-408A-T,1,https://sigma.octopart.com/142672707/image/Moxa-EDS-408A-T.jpg,,,,,,,,
MGATE 5105-MB-EIP,1,https://sigma.octopart.com/141441244/image/Moxa-MGATE-5105-MB-EIP.jpg,,,,,,,,
NPORT 5110,1,https://sigma.octopart.com/24570969/image/Moxa-NPORT-5110.jpg,,,,,,,,
EDS-408A,1,https://sigma.octopart.com/24570941/image/Moxa-EDS-408A.jpg,,,,,,,,
EDS-508A,1,https://sigma.octopart.com/34308315/image/Moxa-EDS-508A.jpg,,,,,,,,
EDS-316,1,https://sigma.octopart.com/24577955/image/Moxa-EDS-316.jpg,,,,,,,,
BE-2RQ1-A4,1,https://sigma.octopart.com/479319/image/Honeywell-BE2RQ1-A4.jpg,,,,,,,,
DCA55,1,https://sigma.octopart.com/38896848/image/Peak-Electronic-Design-DCA55.jpg,,,,,,,,
SP103A-1123LBT.GN,1,https://sigma.octopart.com/150382708/image/Sunon-Fans-SP103A-1123LBT.GN.jpg,,,,,,,,
SP103A-1123LST.GN,1,https://sigma.octopart.com/68325724/image/Sunon-Fans-SP103A1123LST.GN.jpg,,,,,,,,
CET-DL-10,1,https://sigma.octopart.com/146056190/image/ITT---Cannon-CET-DL-10.jpg,,,,,,,,
LLC54AA,1,https://sigma.octopart.com/179138347/image/Littelfuse-LLC54AA.jpg,,,,,,,,
ECS41AC,1,https://sigma.octopart.com/179137980/image/Littelfuse-ECS41AC.jpg,,,,,,,,
TDB120AL,1,https://sigma.octopart.com/179138886/image/Littelfuse-TDB120AL.jpg,,,,,,,,
TDML120AL,1,https://sigma.octopart.com/178998766/image/Littelfuse-TDML120AL.jpg,,,,,,,,
FS324,1,https://sigma.octopart.com/179138119/image/Littelfuse-FS324.jpg,,,,,,,,
LCS10T12,1,https://sigma.octopart.com/13803254/image/SSAC-Controls-LCS10T12.jpg,,,,,,,,
PLM9405,1,https://sigma.octopart.com/26160322/image/SSAC-Controls-PLM9405.jpg,,,,,,,,
SIR2A20A4,1,https://sigma.octopart.com/152716012/image/SSAC-Controls-SIR2A20A4.jpg,,,,,,,,
ECS41BC,1,https://sigma.octopart.com/179137980/image/Littelfuse-ECS41BC.jpg,,,,,,,,
TDS120AL,1,https://sigma.octopart.com/179138905/image/Littelfuse-TDS120AL.jpg,,,,,,,,
ARP63S,1,https://sigma.octopart.com/47312887/image/SSAC-Controls-ARP63S.jpg,,,,,,,,
FS126,1,https://sigma.octopart.com/179138116/image/Littelfuse-FS126.jpg,,,,,,,,
TDUIL3002A,1,https://sigma.octopart.com/101325964/image/SSAC-Controls-TDUIL3002A.jpg,,,,,,,,
KSDB330N,1,https://sigma.octopart.com/152714950/image/SSAC-Controls-KSDB330N.jpg,,,,,,,,
TDUI3000A,1,https://sigma.octopart.com/179138910/image/Littelfuse-TDUI3000A.jpg,,,,,,,,
PLMU11,1,https://sigma.octopart.com/183173696/image/Littelfuse-PLMU11.jpg,,,,,,,,
FS590,1,https://sigma.octopart.com/179138121/image/Littelfuse-FS590.jpg,,,,,,,,
FS312,1,https://sigma.octopart.com/179138119/image/Littelfuse-FS312.jpg,,,,,,,,
TDUH3000A,1,https://sigma.octopart.com/179138907/image/Littelfuse-TDUH3000A.jpg,,,,,,,,
HLMUDRAAA,1,https://sigma.octopart.com/179138131/image/Littelfuse-HLMUDRAAA.jpg,,,,,,,,
TSB422,1,https://sigma.octopart.com/179138944/image/Littelfuse-TSB422.jpg,,,,,,,,
FS126RC,1,https://sigma.octopart.com/37684896/image/SSAC-Controls-FS126RC.jpg,,,,,,,,
TDR4A11,1,https://sigma.octopart.com/179138890/image/Littelfuse-TDR4A11.jpg,,,,,,,,
FS155-30T,1,https://sigma.octopart.com/179138096/image/Littelfuse-FS155-30T.jpg,,,,,,,,
TDUL3001A,1,https://sigma.octopart.com/179138907/image/Littelfuse-TDUL3001A.jpg,,,,,,,,
TS1321,1,https://sigma.octopart.com/179138929/image/Littelfuse-TS1321.jpg,,,,,,,,
TDU3001A,1,https://sigma.octopart.com/179138907/image/Littelfuse-TDU3001A.jpg,,,,,,,,
OT08PC,1,https://sigma.octopart.com/47831793/image/SymCom-OT08-PC.jpg,,,,,,,,
ECS40BC,1,https://sigma.octopart.com/179137980/image/Littelfuse-ECS40BC.jpg,,,,,,,,
SIR2B20A4,1,https://sigma.octopart.com/179138806/image/Littelfuse-SIR2B20A4.jpg,,,,,,,,
BI1.5-G08-AP6X-H1341,1,https://sigma.octopart.com/88957318/image/TURCK-BI-1.5-G08-AP6X-H1341.jpg,,,,,,,,
VS3AN5XLP,1,https://sigma.octopart.com/152605375/image/Banner-VS3AN5XLP.jpg,,,,,,,,
Q20EQ5,1,https://sigma.octopart.com/66117275/image/Banner-Q20EQ5.jpg,,,,,,,,
ECL30UT03-S,1,https://sigma.octopart.com/21628973/image/XP-Power-ECL30UT03-S.jpg,,,,,,,,
SI-MAGB3SMQD,1,https://sigma.octopart.com/141162804/image/Banner-SI-MAGB3SMQD.jpg,,,,,,,,
T18AW3DQ1,1,https://sigma.octopart.com/66123502/image/Banner-T18AW3DQ1.jpg,,,,,,,,
Q20PD,1,https://sigma.octopart.com/121715537/image/Banner-Q20PD.jpg,,,,,,,,
WLS15XDW0500DSQP,1,https://sigma.octopart.com/141007970/image/Banner-WLS15XDW0500DSQP.gif,,,,,,,,
NI5-M12-Y1X-H1141,1,https://sigma.octopart.com/138790021/image/TURCK-NI-5-M12-Y1X-H1141.jpg,,,,,,,,
NI30U-EM30WD-AN6X-H1141,1,https://sigma.octopart.com/21618478/image/TURCK-NI30U-EM30WD-AN6X-H1141.jpg,,,,,,,,
BWA-USB1WIRE-001,1,https://sigma.octopart.com/148841062/image/Banner-BWA-USB1WIRE-001.jpg,,,,,,,,
SMU31R,1,https://sigma.octopart.com/39890373/image/Banner-SMU31R.jpg,,,,,,,,
T18-2VPFF100-2M,1,https://sigma.octopart.com/128389181/image/Banner-T18-2VPFF100-2M.jpg,,,,,,,,
Q45BB6FQ,1,https://sigma.octopart.com/121716004/image/Banner-Q45BB6FQ.jpg,,,,,,,,
1417443,1,https://sigma.octopart.com/37529815/image/Phoenix-Contact-1417443.jpg,,,,,,,,
BI8U-Q08-AP6X2-0.5-RS4T/S1765,1,https://sigma.octopart.com/152542309/image/TURCK-BI8U-Q08-AP6X2-0.5-RS4T-S1765.jpg,,,,,,,,
SM312F,1,https://sigma.octopart.com/10074237/image/Banner-SM312F.jpg,,,,,,,,
K50APT2GRYF2Q,1,https://sigma.octopart.com/121713319/image/Banner-K50APT2GRYF2Q.jpg,,,,,,,,
T18-2NAEL-2M,1,https://sigma.octopart.com/128389181/image/Banner-T18-2NAEL-2M.jpg,,,,,,,,
MQDC-506-USB,1,https://sigma.octopart.com/140444711/image/Banner-MQDC-506-USB.jpg,,,,,,,,
PSL106024,1,https://sigma.octopart.com/182051248/image/Lovato-PSL106024.jpg,,,,,,,,
ED06D5,1,https://sigma.octopart.com/16057982/image/Sensata-ED06D5.jpg,,,,,,,,
MWA065012B-11A,1,,,,,,,,,
ABD310NUY,1,https://sigma.octopart.com/138686469/image/Idec-ABD310NUY.jpg,33.53,0,1,Wolf Automation ABD310NUY,Wolf Automation,ABD310NUY,https://octopart.com/opatz8j6/a1?t=g-kFrdLc4HbDap3lPO1sdlDHZXLZB562jekp_yxThiASEDwM0anMFBVX7e78HTCaUTioaw9cyaUy9whSOV5mso1E1B0dcymoLETFyw7mnuARhQSAAJb0a2J65ppk_iwjjZ2gTl-JTnbMWXdwXWekbW2qNJzNp-Mpv4eG0y2BdRBuuBR3TwmyEoN0zWggl-jQ11CdrNbsaVDUCgTx3qbjICsRZoLF29gvD9mtDelcRtTE1Iz_zz9vFM1qj-Uvw97_R1uVQjBgUP-DWc0OklEyUIh9C5cM,33.53
MTA040009A,1,,,,,,,,,
MWA150015A-12A,1,,,,,,,,,
FWB100018A-11B,1,,,,,,,,,
MWA220048A-11A,1,,,,,,,,,
IPD3018-760,1,,,,,,,,,
MSA150024A,1,,,,,,,,,
FWE030015A-10A,1,,,,,,,,,
AW30-N03DE-Z-B,1,https://sigma.octopart.com/87901694/image/SMC-AW30-N03DE-Z-B.jpg,,,,,,,,
VX232FBXB,1,https://sigma.octopart.com/65744746/image/SMC-VX232FBXB.jpg,,,,,,,,
AW30-N03E-Z-B,1,https://sigma.octopart.com/124377571/image/SMC-AW30-N03E-Z-B.jpg,,,,,,,,
52890-0454,1,https://sigma.octopart.com/170640827/image/Indium-52890-0454.jpg,,,,,,,,
DSEI2X61-06C,1,https://sigma.octopart.com/23728117/image/IXYS-DSEI2X61-06C.jpg,,,,,,,,
142M2X15010,1,https://sigma.octopart.com/44303937/image/Metz-Connect-142M2X15010.png,,,,,,,,
MWN811A415,1,https://sigma.octopart.com/68299873/image/Metz-Connect-MWN811A415.png,,,,,,,,
2904625,1,https://sigma.octopart.com/178484443/image/Phoenix-Contact-2904625.jpg,,,,,,,,
2866734,1,https://sigma.octopart.com/146492231/image/Phoenix-Contact-2866734.jpg,,,,,,,,
2905744,1,https://sigma.octopart.com/146501202/image/Phoenix-Contact-2905744.jpg,,,,,,,,
1400389,1,https://sigma.octopart.com/140862333/image/Phoenix-Contact-1400389.jpg,,,,,,,,
1407353,1,https://sigma.octopart.com/126400031/image/Phoenix-Contact-1407353.jpg,,,,,,,,
2308108,1,https://sigma.octopart.com/168520579/image/Phoenix-Contact-2308108.jpg,,,,,,,,
1085162,1,https://sigma.octopart.com/170244523/image/Phoenix-Contact-1085162.jpg,,,,,,,,
1401199,1,https://sigma.octopart.com/44111839/image/Phoenix-Contact-1401199.jpg,,,,,,,,
2950103,1,https://sigma.octopart.com/168529020/image/Phoenix-Contact-2950103.jpg,,,,,,,,
2902014,1,https://sigma.octopart.com/135617076/image/Phoenix-Contact-2902014.jpg,,,,,,,,
2744610,1,https://sigma.octopart.com/177391344/image/Phoenix-Contact-2744610.png,,,,,,,,
2853996,1,https://sigma.octopart.com/142757575/image/Phoenix-Contact-2853996.jpg,,,,,,,,
5600639,1,https://sigma.octopart.com/37532621/image/Phoenix-Contact-5600639.jpg,,,,,,,,
2702323,1,https://sigma.octopart.com/168521610/image/Phoenix-Contact-2702323.jpg,,,,,,,,
2902056,1,https://sigma.octopart.com/146496233/image/Phoenix-Contact-2902056.jpg,,,,,,,,
1693746,1,https://sigma.octopart.com/146605378/image/Phoenix-Contact-1693746.jpg,,,,,,,,
6010-0106-P1,1,https://sigma.octopart.com/44808796/image/Pace-6010-0106-P1.jpg,,,,,,,,
1148699,1,https://sigma.octopart.com/170308715/image/Phoenix-Contact-1148699.jpg,,,,,,,,
1039020,1,https://sigma.octopart.com/170315192/image/Phoenix-Contact-1039020.jpg,,,,,,,,
2907608,1,https://sigma.octopart.com/168527563/image/Phoenix-Contact-2907608.jpg,,,,,,,,
2866462,1,https://sigma.octopart.com/23736067/image/Phoenix-Contact-TRIO-PS-3AC-24DC-5.jpg,,,,,,,,
2866064,1,https://sigma.octopart.com/166320421/image/Phoenix-Contact-2866064.jpg,,,,,,,,
2891021,1,https://sigma.octopart.com/66730039/image/Phoenix-Contact-2891021.jpg,,,,,,,,
2903147,1,https://sigma.octopart.com/178484424/image/Phoenix-Contact-2903147.jpg,,,,,,,,
1213999,1,https://sigma.octopart.com/130138060/image/Phoenix-Contact-1213999.jpg,,,,,,,,
2906921,1,https://sigma.octopart.com/140988768/image/Phoenix-Contact-2906921.jpg,,,,,,,,
2866640,1,https://sigma.octopart.com/146491941/image/Phoenix-Contact-2866640.jpg,,,,,,,,
RDK-295,1,https://sigma.octopart.com/61279641/image/Power-Integrations-RDK-295.jpg,,,,,,,,
2986960,1,https://sigma.octopart.com/37531630/image/Phoenix-Contact-2986960.jpg,,,,,,,,
2700525,1,https://sigma.octopart.com/123817605/image/Phoenix-Contact-2700525.jpg,,,,,,,,
2702969,1,https://sigma.octopart.com/130169037/image/Phoenix-Contact-2702969.jpg,,,,,,,,
2868677,1,https://sigma.octopart.com/184130762/image/Phoenix-Contact-2868677.jpg,,,,,,,,
0803923,1,https://sigma.octopart.com/157723223/image/Phoenix-Contact-0803923.jpg,,,,,,,,
2902052,1,https://sigma.octopart.com/59844116/image/Phoenix-Contact-2902052.jpg,,,,,,,,
2866514,1,https://sigma.octopart.com/146491694/image/Phoenix-Contact-2866514.jpg,,,,,,,,
2905470,1,https://sigma.octopart.com/158073383/image/Phoenix-Contact-2905470.jpg,,,,,,,,
2900314,1,https://sigma.octopart.com/147279601/image/Phoenix-Contact-2900314.jpg,,,,,,,,
1425115,1,https://sigma.octopart.com/123718681/image/Phoenix-Contact-1425115.jpg,,,,,,,,
2902997,1,https://sigma.octopart.com/123821307/image/Phoenix-Contact-2902997.jpg,,,,,,,,
KRAFTFORM XXL,1,https://sigma.octopart.com/28360877/image/Wera-KRAFTFORM-XXL.jpg,,,,,,,,
166-51101,1,https://sigma.octopart.com/135413312/image/HellermannTyton-166-51101.jpg,,,,,,,,
RT1L,1,https://sigma.octopart.com/21387281/image/Trompeter-RT1L.jpg,,,,,,,,
63812-0800,1,https://sigma.octopart.com/16426703/image/Molex-638120800.jpg,,,,,,,,
3L05-13,1,https://sigma.octopart.com/183205106/image/White-Rodgers-3L05-13.jpg,,,,,,,,
173921-023,1,https://sigma.octopart.com/10063934/image/SAIA-173921-023.jpg,,,,,,,,
1250-A-1,1,https://sigma.octopart.com/130315771/image/Ledex-1250-A-1.jpg,,,,,,,,
2536-F-34,1,https://sigma.octopart.com/130315824/image/SAIA-Burgess-2536-F-34.jpg,,,,,,,,
600234,1,https://sigma.octopart.com/158809753/image/CNC-Tech-600234.jpg,,,,,,,,
CT150-2-AG5,1,,,,,,,,,
516-280-201,1,https://sigma.octopart.com/21401359/image/EDAC-516-280-201.jpg,,,,,,,,
FIHAA01C1F,1,https://sigma.octopart.com/126072035/image/XP-Power-FIHAA01C1F.jpg,,,,,,,,
516-280-300-001,1,https://sigma.octopart.com/32536085/image/EDAC-516-280-300-001.jpg,,,,,,,,
MK9SST,1,https://sigma.octopart.com/83157402/image/HellermannTyton-MK9SST.jpg,,,,,,,,
121-00680,1,https://sigma.octopart.com/166038951/image/HellermannTyton-121-00680.png,,,,,,,,
AMD550C-N10C-T,1,https://sigma.octopart.com/87898477/image/SMC-AMD550C-N10C-T.jpg,,,,,,,,
1201853,1,https://sigma.octopart.com/128607479/image/Phoenix-Contact-1201853.jpg,,,,,,,,
58495-2,1,https://sigma.octopart.com/66967121/image/TE-Connectivity-58495-2.png,,,,,,,,
DA1-B0-34-620-121-C,1,https://sigma.octopart.com/21493152/image/Carling-DA1-B0-34-620-121-C.jpg,,,,,,,,
72-8350A,1,https://sigma.octopart.com/26530402/image/Tenma-72-8350A.jpg,,,,,,,,
DV007004,1,https://sigma.octopart.com/117730557/image/Microchip-DV007004.jpg,,,,,,,,
EAC-10-472-D,1,https://sigma.octopart.com/149198679/image/Cosel-EAC-10-472-D.jpg,,,,,,,,
22.22.8.230.4000,1,https://sigma.octopart.com/21525153/image/Finder-22.22.8.230.4000.jpg,,,,,,,,
HD36-18-14PN-059,1,https://sigma.octopart.com/148390167/image/TE-Connectivity-HD36-18-14PN-059.jpg,,,,,,,,
VCB60US12,1,https://sigma.octopart.com/155905310/image/XP-Power-VCB60US12.jpg,,,,,,,,
T0-1-102/E,1,https://sigma.octopart.com/101165417/image/Eaton-T0-1-102-E.jpg,,,,,,,,
MGATE MB3170-M-ST-T,1,https://sigma.octopart.com/150509988/image/Moxa-MGATE-MB3170-M-ST-T.jpg,,,,,,,,
XTP9B-PKI-RA-NL,1,,,,,,,,,
9GA1248P4G001,1,https://sigma.octopart.com/130324252/image/Sanyo-Denki-9GA1248P4G001.jpg,,,,,,,,
EDS-309-3M-ST,1,https://sigma.octopart.com/24577955/image/Moxa-EDS-309-3M-ST.jpg,,,,,,,,
XTP9B-PKI-RA,1,https://sigma.octopart.com/89813484/image/Digi-International-XTP9B-PKI-RA.jpg,,,,,,,,
DM164136,1,https://sigma.octopart.com/86575784/image/Microchip-DM164136.jpg,,,,,,,,
BI8U-Q08-AP6X2-V1131,1,https://sigma.octopart.com/38042159/image/TURCK-BI-8U-Q08-AP6X2-V1131.jpg,,,,,,,,
119DA,1,https://sigma.octopart.com/34176986/image/Hammond-119DA.jpg,,,,,,,,
88827105,1,https://sigma.octopart.com/21581235/image/Crouzet-88827105.jpg,,,,,,,,
72-6406,1,https://sigma.octopart.com/26530346/image/Tenma-72-6406.jpg,,,,,,,,
72-7270,1,https://sigma.octopart.com/82511828/image/Tenma-72-7270.jpg,,,,,,,,
72-2695,1,https://sigma.octopart.com/68303071/image/Tenma-72-2695.jpg,,,,,,,,
72-7780,1,https://sigma.octopart.com/97167363/image/Tenma-72-7780.jpg,,,,,,,,
72-6530,1,https://sigma.octopart.com/10118602/image/Tenma-72-6530.jpg,,,,,,,,
72-3100,1,https://sigma.octopart.com/94225616/image/Tenma-72-3100.jpg,,,,,,,,
72-8115,1,https://sigma.octopart.com/57018563/image/Tenma-72-8115.jpg,,,,,,,,
72-7228,1,https://sigma.octopart.com/177835065/image/WAGO-727-228.png,,,,,,,,
72-8340A,1,https://sigma.octopart.com/26690170/image/Tenma-72-8340A.jpg,,,,,,,,
72-9485,1,https://sigma.octopart.com/26530464/image/Tenma-72-9485.jpg,,,,,,,,
72-9385,1,https://sigma.octopart.com/26530455/image/Tenma-72-9385.jpg,,,,,,,,
72-7730A,1,https://sigma.octopart.com/21447018/image/Tenma-72-7730A.jpg,,,,,,,,
72-3040,1,https://sigma.octopart.com/634485/image/Tenma-72-3040..jpg,,,,,,,,
72-8155,1,https://sigma.octopart.com/21447021/image/Tenma-72-8155.jpg,,,,,,,,
72-7250,1,https://sigma.octopart.com/10367355/image/Tenma-72-7250.jpg,,,,,,,,
21-1042,1,https://sigma.octopart.com/26530213/image/Tenma-21-1042.jpg,,,,,,,,
72-7715,1,https://sigma.octopart.com/8526814/image/Tenma-72-7715.jpg,,,,,,,,
72-2690,1,https://sigma.octopart.com/68300000/image/Tenma-72-2690.jpg,,,,,,,,
170231,1,https://sigma.octopart.com/32017524/image/Gems-Sensors-170231.jpg,,,,,,,,
ESR5-NO-31-24VAC-DC,1,https://sigma.octopart.com/135318491/image/Eaton-ESR5-NO-31-24VAC-DC.jpg,,,,,,,,
879B,1,https://sigma.octopart.com/29060194/image/B%26K-879B.jpg,,,,,,,,
PV7604,1,https://sigma.octopart.com/140250186/image/ifm-Electronic-PV7604.jpg,,,,,,,,
0804168,1,https://sigma.octopart.com/140969981/image/Phoenix-Contact-0804168.jpg,,,,,,,,
PBFP46U,1,https://sigma.octopart.com/25367755/image/Banner-PBFP46U.jpg,,,,,,,,
TF42-29,1,https://sigma.octopart.com/121344919/image/ABB-Control-TF42-29.jpg,,,,,,,,
CSMSTRV2,1,https://sigma.octopart.com/57488899/image/Red-Lion-Controls-CSMSTRV2.jpg,,,,,,,,
2949389,1,https://sigma.octopart.com/150792405/image/Phoenix-Contact-2949389.jpg,,,,,,,,
QS18UPA,1,https://sigma.octopart.com/39890213/image/Banner-QS18UPA.jpg,,,,,,,,
UC-2102-LX,1,https://sigma.octopart.com/147337400/image/Moxa-UC-2102-LX.jpg,,,,,,,,
PAXR0030,1,https://sigma.octopart.com/146589118/image/Red-Lion-Controls-PAXR0030.jpg,,,,,,,,
IMA-S1000-24-YYPLI,1,,,,,,,,,
PT2415,1,https://sigma.octopart.com/138093717/image/ifm-Electronic-PT2415.jpg,,,,,,,,
SM6000,1,https://sigma.octopart.com/147269120/image/ifm-Electronic-SM6000.jpg,,,,,,,,
C48TD102,1,https://sigma.octopart.com/57488867/image/Red-Lion-Controls-C48TD102.jpg,,,,,,,,
45MR-1601,1,https://sigma.octopart.com/164285211/image/Moxa-45MR-1601.jpg,,,,,,,,
SPL-24,1,https://sigma.octopart.com/141443196/image/Moxa-SPL-24.jpg,,,,,,,,
SG1-120-2,1,https://sigma.octopart.com/93688930/image/TE-Connectivity-SG1-120-2.png,,,,,,,,
7KM42120BA003AA0,1,https://sigma.octopart.com/30233897/image/Siemens-7KM42120BA003AA0.jpg,,,,,,,,
NTPS-24-1-3,1,https://sigma.octopart.com/124108651/image/Red-Lion-Controls-NTPS-24-1-3.jpg,,,,,,,,
